id,name,type,cuisine,city,street,postcode,website,latitude,longitude,status,master_id
13,DQ Grill & Chill,fast_food,ice_cream;burger,Kent,South Water Street,44240-3847,https://www.dairyqueen.com/locations/oh/kent/1443-s-water-st/14304,41.140498,-81.3564348,valid,
17,KFC,fast_food,chicken,Cuyahoga Falls,State Road,44223,https://locations.kfc.com/oh/cuyahoga-falls/1792-state-road,41.1311428,-81.5088198,valid,
18,McDonald's,fast_food,burger,Cuyahoga Falls,State Road,44223-1305,https://www.mcdonalds.com/us/en-us/location/276.html,41.1310782,-81.5077362,valid,
21,Cold Stone Creamery,ice_cream,ice_cream,Hudson,Park Lane,44236,https://www.coldstonecreamery.com/stores/21490,41.2406848,-81.4429207,valid,
23,First Row Centre for the Arts and Coffee Shop,pub,NaN,NaN,State Street NW,44630,http://www.firstrowcfa.com,40.927248,-81.4025729,valid,
24,The Basement,bar,NaN,Kent,Cascades Boulevard,44240,NaN,41.0953358,-81.3883985,valid,
25,DQ Grill & Chill,fast_food,ice_cream;burger,Kent,Cascades Boulevard,44240-8034,https://www.dairyqueen.com/locations/oh/kent/4050-cascades-blvd-unit-a/14293,41.0999265,-81.3859343,valid,
26,La Terraza Mexican Bar & Grill,restaurant,mexican,Kent,Cascades Boulevard,44240,NaN,41.0961011,-81.3883571,valid,
27,Pizza Hut,restaurant,pizza,Kent,State Highway 43,44240,https://locations.pizzahut.com/oh/kent/4118-state-hwy-43,41.1019995,-81.3459376,valid,
28,Subway,fast_food,sandwich,Kent,State Route 43,44240,https://restaurants.subway.com/united-states/oh/kent/4068-sr-43,41.1005633,-81.3434773,valid,
29,Chipotle,fast_food,mexican,Streetsboro,State Route 14,44241,https://locations.chipotle.com/oh/streetsboro/9754-state-route-14,41.2509978,-81.3635032,valid,
30,Sonic,fast_food,burger,Streetsboro,State Route 14,44241,https://locations.sonicdrivein.com/oh/streetsboro/9780-state-route-14.html,41.2516314,-81.364547,valid,
33,Subway,fast_food,sandwich,Cuyahoga Falls,State Road,44223,https://restaurants.subway.com/united-states/oh/cuyahoga-falls/1939-state-road,41.1336861,-81.5081222,valid,
35,Subway,fast_food,sandwich,Cuyahoga Falls,State Road,44223,https://restaurants.subway.com/united-states/oh/cuyahoga-falls/2924-state-road,41.1511409,-81.5090103,valid,
38,Chipotle,fast_food,mexican,Akron,West Market Street,44303,https://locations.chipotle.com/oh/akron/825-w-market-st,41.0969622,-81.5438491,valid,
40,Irie Jamaican Kitchen,restaurant,jamaican,Akron,West Market Street,44303,https://www.iriejakitchen.com/,41.0970568,-81.5440889,valid,
41,Upper Crust,restaurant,pizza,Akron,West Market Street,44303,https://www.uppercrustoh.com/akron,41.0970159,-81.5439845,valid,
56,Panera Bread,fast_food,sandwich;bakery,Hudson,West Streetsboro Street,44236,https://locations.panerabread.com/oh/hudson/118-w-streetsboro-street.html,41.2388845,-81.446488,valid,
57,Lulu's,restaurant,frozen_yogurt,Hudson,Library Street,44236,NaN,41.2407088,-81.4432648,valid,
58,Chipotle,fast_food,mexican,Hudson,Atterbury Boulevard,44236,https://locations.chipotle.com/oh/hudson/5-atterbury-blvd,41.240259,-81.4454207,valid,
60,Slim Chickens,fast_food,chicken,Streetsboro,Cleveland East Liverpool Road,44241,https://slimchickens.com/,41.2446412,-81.3573782,valid,
61,Dunkin' Donuts,fast_food,donut;coffee_shop,Streetsboro,Cleve E Liverpool Road,44241,https://locations.dunkindonuts.com/en/oh/streetsboro/9168-state-route-14/338519,41.2397236,-81.3428393,valid,
62,Baskin-Robbins,ice_cream,ice_cream,Streetsboro,Cleve E Liverpool Road,44241,https://locations.baskinrobbins.com/oh/streetsboro/9168-state-route-14,41.2397397,-81.3427937,valid,
63,Wendy's,fast_food,burger,Streetsboro,Cleveland East Liverpool Road,44241,NaN,41.2388725,-81.3415947,valid,
64,El Campesino Mexican Restaurant,restaurant,mexican,Streetsboro,Cleve E Liverpool Road,44241,http://www.elcampesinostow.com,41.2388886,-81.3422143,valid,
65,Taco Bell,fast_food,tex-mex,Streetsboro,Cleve E Liverpool Road,44241,https://locations.tacobell.com/oh/streetsboro/9223-st-rte-14.html,41.2389486,-81.3434508,valid,
66,Pizza Hut,restaurant,pizza,Akron,South Main Street,44319,https://locations.pizzahut.com/oh/akron/2383-s-main-st,41.0222962,-81.5258601,valid,
69,Waterloo Restaurant,restaurant,american,NaN,East Waterloo Road,44319,https://waterloorestaurant.com/,41.0291776,-81.5120126,valid,
72,The Fruit Stand,restaurant,breakfast,NaN,East Erie Street,44240,https://thefruitstandohio.com/,41.1529687,-81.3568737,valid,
77,Beware of the Leopard,bar,NaN,Kent,East Main Street,44240,NaN,41.1536266,-81.3567479,valid,
78,Jimmy John's,fast_food,sandwich,Kent,East Main Street,44240,https://locations.jimmyjohns.com/oh/kent/sandwiches-653.html,41.1539359,-81.3567855,valid,
79,Troy Grille,restaurant,turkish,Kent,East Main Street,44240,https://troygrille.com/,41.1536211,-81.3577054,valid,
81,D.P. Dough,restaurant,calzone,Kent,South Water Street,44240,https://www.dpdough.com/,41.1523381,-81.3579905,valid,
82,Barrio,restaurant,mexican,kent,South Water Street,NaN,https://barrio-tacos.com/,41.1520437,-81.3579949,valid,
83,Insomnia Cookies,pastry,NaN,Kent,South Water Street,NaN,NaN,41.1519944,-81.3579812,valid,
86,Subway,fast_food,sandwich,Akron,Manchester Road,44319,https://restaurants.subway.com/united-states/oh/akron/3235-manchester-rd,41.0112033,-81.5533472,valid,
87,DA Guild Pizza,restaurant,pizza,Akron,Manchester Road,44319,NaN,41.0118072,-81.553409,valid,
88,The Upper Deck Bar & Grill,bar,NaN,Akron,West Turkeyfoot Lake Road,44319,NaN,40.9799568,-81.5340731,valid,
89,Applebee's,restaurant,american,Alliance,West State Street,44601,https://restaurants.applebees.com/en-us/oh/alliance/2600-w.-state-st.-95062,40.9015708,-81.1582006,valid,
92,Jimmy John's,fast_food,sandwich,Akron,South Main Street,44311,https://locations.jimmyjohns.com/oh/akron/sandwiches-1122.html,41.0757779,-81.5224174,valid,
97,Dante Boccuzzi Akron,restaurant,NaN,Akron,Furnace Street,44308,NaN,41.0887162,-81.5154915,valid,
98,Luigi's,restaurant,NaN,Akron,North Main Street,44308,NaN,41.0878905,-81.5153713,valid,
99,Jilly's Music Room,pub,NaN,Akron,North Main Street,44308,NaN,41.0880462,-81.5152882,valid,
100,Subway,fast_food,sandwich,Akron,North Main Street,44308,https://restaurants.subway.com/united-states/oh/akron/10-n-main-st,41.0853831,-81.5170165,valid,
101,Einstein's Bagels,restaurant,NaN,Akron,North Main Street,44308,NaN,41.0857435,-81.5168614,valid,
119,Dunkin',fast_food,donut;coffee_shop,Mantua,Limeridge Road,44255,https://locations.dunkindonuts.com/en/oh/mantua/9250-limeridge-rd/363401,41.2424907,-81.1775307,valid,
120,Dunkin',fast_food,donut;coffee_shop,Mantua,Limeridge Road,44255,https://locations.dunkindonuts.com/en/oh/mantua/9270-limeridge-rd/363402,41.2446315,-81.176188,valid,
121,Urban Eats Cafe,restaurant,NaN,Akron,Maiden Lane,44308,NaN,41.0854969,-81.5157896,valid,
122,Crave,restaurant,NaN,Akron,East Market Street,44308,NaN,41.0850497,-81.5158145,valid,
123,Baxter's Speakeasy,bar,NaN,Akron,North High Street,44308,https://baxtersspeakeasy.com/,41.0854207,-81.5155142,valid,
124,Chipotle,fast_food,mexican,Kent,Cascades Boulevard,44240,https://locations.chipotle.com/oh/kent/4050-cascades-blvd,41.0996203,-81.3859234,valid,
132,Subway,fast_food,sandwich,Kent,East Main Street,44240,https://restaurants.subway.com/united-states/oh/kent/1709-e-main-st,41.1560597,-81.3328198,valid,
134,Domino's,fast_food,pizza,Kent,South Water Street,44240,https://pizza.dominos.com/ohio/kent/1413-s-water-street,41.1407408,-81.3565772,valid,
139,Subway,fast_food,sandwich,Munroe Falls,South Main Street,44262,https://restaurants.subway.com/united-states/oh/munroe-falls/14-south-main-street,41.1392233,-81.4386638,valid,
140,Great Wall,restaurant,chinese,Munroe Falls,South Main Street,NaN,NaN,41.1390708,-81.43868,valid,
141,Starbucks,cafe,coffee_shop,Hudson,South Main Street,44236,https://www.starbucks.com/store-locator/store/8778/hudson-south-main-street-85-south-main-street-hudson-oh-442363073-us,41.2364162,-81.4399885,valid,
142,Awaken Bake Company,bakery,NaN,Hudson,South Main Street,44236,NaN,41.2365556,-81.4399886,valid,
143,Gionino's Pizzaria,restaurant,pizza,Hudson,West Streetsboro Street,44236,NaN,41.2397808,-81.4428763,valid,
144,Noble House,restaurant,chinese,Hudson,West Streetsboro Street,44236,NaN,41.2398149,-81.4427473,valid,
145,Hershey's Ice Cream,ice_cream,NaN,Hudson,West Streetsboro Street,44236,NaN,41.2395149,-81.4422084,valid,
146,"Peace, Love, and Little Donuts",restaurant,donut,Hudson,South Main Street,44326,NaN,41.2378814,-81.4397406,valid,
147,Restore Cold Pressed,restaurant,juice,Hudson,Park Lane,44236,https://www.restorecoldpressed.com/,41.2406856,-81.4422303,valid,
149,Steak 'n Shake,fast_food,burger,Akron,East Exchange Street,44325,NaN,41.0741476,-81.5164661,valid,
150,Starbucks,cafe,coffee_shop,Akron,East Exchange Street,44325,NaN,41.0741265,-81.516409,valid,
153,Pizza Hut,restaurant,pizza,Garrettsville,State Street,44231,https://locations.pizzahut.com/oh/garrettsville/7999-state-street,41.2875175,-81.1015583,valid,
157,Subway,fast_food,sandwich,Garrettsville,Main Street,44231,https://restaurants.subway.com/united-states/oh/garrettsville/8094-main-st,41.2848511,-81.0983209,valid,
160,Michael's AM,restaurant,NaN,Akron,Akron Peninsula Road,44313,https://michaelsam.net/,41.1376869,-81.5480042,valid,
161,Subway,fast_food,sandwich,Stow,Darrow Road,44224,https://restaurants.subway.com/united-states/oh/stow/4968-darrow-rd,41.2004287,-81.4414635,valid,
162,Starbucks,cafe,coffee_shop,Cuyahoga Falls,Portage Trail,44223,https://www.starbucks.com/store-locator/store/1007744/portage-trail-2071-portage-trail-space-1000-cuyahoga-falls-oh-44,41.1487199,-81.508142,valid,
163,Northside Speakeasy,bar,NaN,Akron,Furnace Street,44308,https://www.northsidespeakeasy.com/,41.0888222,-81.5151401,valid,
164,Nervous Dog Coffee Bar,cafe,coffee_shop,Akron,West Market Street,44313,NaN,41.1070878,-81.5649003,valid,
166,Chipotle,fast_food,mexican,Akron,East Exchange Street,44304,https://locations.chipotle.com/oh/akron/272-e-exchange-st,41.072919,-81.513455,valid,
168,Little Caesars,fast_food,pizza,Alliance,West State Street,44601,NaN,40.9022746,-81.141218,valid,
169,Wendy's,fast_food,burger,Alliance,West State Street,44601,https://locations.wendys.com/united-states/oh/alliance/1833-w-state-st,40.9022375,-81.1329389,valid,
172,Burger King,fast_food,burger,Alliance,South Union Avenue,44601-2932,https://www.bk.com/store-locator/store/restaurant_705,40.9144072,-81.106327,valid,
173,Subway,fast_food,sandwich,Stow,Kent Road,44224,https://restaurants.subway.com/united-states/oh/stow/4301-kent-rd,41.1569876,-81.4058215,valid,
174,Chipotle,fast_food,mexican,Stow,Kent Road,44224,https://locations.chipotle.com/oh/stow/4338-kent-rd,41.1561641,-81.4058006,valid,
176,Chipotle,fast_food,mexican,Alliance,West State Street,44601,https://locations.chipotle.com/oh/alliance/1630-w-state-st,40.9014737,-81.1290297,valid,
178,Jimmy John's,fast_food,sandwich,Alliance,West State Street,44601,https://locations.jimmyjohns.com/oh/alliance/sandwiches-761.html,40.9014246,-81.1446459,valid,
180,Papa John's,fast_food,pizza,Alliance,West State Street,44601,https://locations.papajohns.com/united-states/oh/44601/alliance/1210-w-state-st,40.9015539,-81.123563,valid,
183,Chipotle,fast_food,mexican,Cuyahoga Falls,Howe Avenue,44221,https://locations.chipotle.com/oh/cuyahoga-falls/371-howe-ave,41.1195828,-81.4794273,valid,
184,Starbucks,cafe,coffee_shop,Cuyahoga Falls,Howe Avenue,44221,https://www.starbucks.com/store-locator/store/6597/cuyahoga-falls-howe-street-371-howe-ave-cuyahoga-falls-oh-442214921-us,41.119584,-81.4796722,valid,
185,Taco Bell,fast_food,tex-mex,Cuyahoga Falls,Howe Avenue,44221,https://locations.tacobell.com/oh/cuyahoga-falls/360-howe-ave.html,41.1188191,-81.4814235,valid,
186,Burger King,fast_food,burger,Cuyahoga Falls,Howe Avenue,44221,https://www.bk.com/store-locator/store/restaurant_3018,41.1187979,-81.4822619,valid,
187,Coventry Diner,restaurant,diner,NaN,Manchester Road,44319,NaN,41.0093722,-81.5524772,valid,
190,Starbucks,cafe,coffee_shop,Cuyahoga Falls,State Road,44223,https://www.starbucks.com/store-locator/store/1010398/market-district-cuyahoga-falls-2687-state-rd-cuyahoga-falls-oh-44223-us,41.1467506,-81.50664,valid,
192,College Inn Restaurant,restaurant,american,Alliance,West State Street,44601,https://collegeinnalliance.com/,40.9020296,-81.1182345,valid,
193,Starbucks,cafe,coffee_shop,Akron,West Market Street,44313,https://www.starbucks.com/store-locator/store/1015905/west-market-street-1971-west-market-st-akron-oh-443136910-us,41.1138063,-81.578394,valid,
194,Chill Artisan Ice Cream,ice_cream,NaN,Akron,North High Street,44308,NaN,41.0856632,-81.5154462,valid,
195,High Street Hop House,bar,NaN,Akron,North High Street,44308,https://www.hophouse.bar/,41.0853984,-81.5155233,valid,
201,Starbucks,cafe,coffee_shop,Akron,Buchetel Common,44325,https://www.starbucks.com/store-locator/store/1015710/university-of-akron-library-315-buchtel-commons-rdh-akron-oh-443250002-us,41.0769275,-81.5106743,valid,
203,Five Guys,fast_food,burger,Cuyahoga Falls,Howe Avenue,44221,https://restaurants.fiveguys.com/753-howe-ave,41.1195962,-81.4722709,valid,
206,Qdoba,fast_food,mexican,Akron,Carroll Street,44325,https://locations.qdoba.com/us/oh/akron/univ-of-akron-student-union.html,41.0755961,-81.513066,valid,
207,Panda Express,fast_food,chinese,Akron,Carroll Street,44325,https://www.pandaexpress.com/locations/oh/akron/2643,41.0756547,-81.5129801,valid,
209,Burger King,fast_food,burger,Akron,East Waterloo Road,44319,https://www.bk.com/store-locator/store/restaurant_4457,41.027603,-81.510787,valid,
214,Five Guys,fast_food,burger,Akron,East Exchange Street,44304,https://restaurants.fiveguys.com/282-e-exchange-st,41.0728076,-81.5131479,valid,
215,Taco Bell,fast_food,tex-mex,Akron,West Market Street,44313,https://locations.tacobell.com/oh/akron/1940-w--market-st.html,41.1129906,-81.5777675,valid,
217,Subway,fast_food,sandwich,Akron,East Market Street,44312,https://restaurants.subway.com/united-states/oh/akron/2068-e-market-st,41.0602321,-81.4546648,valid,
221,New China,restaurant,chinese,Alliance,East State Street,44601,https://us.chinesemenu.com/m/101332176.htm,40.9013432,-81.1005357,valid,
223,Marco's Pizza,restaurant,pizza,Akron,North Hawkins Avenue,44313,NaN,41.1100432,-81.5687413,valid,
224,Papa Gryo's,restaurant,greek,Akron,North Hawkins Avenue,44313,NaN,41.1098548,-81.5687178,valid,
225,Einstein Bros. Bagels,fast_food,bagel,Akron,West Exchange Street,44313,https://locations.einsteinbros.com/us/oh/akron/1751-w-exchange-st,41.1090691,-81.5689199,valid,
226,Altieri's Pizza,restaurant,pizza,Tallmadge,Tallmadge Circle,44278,http://www.altierispizza.com/,41.1005194,-81.4400304,valid,
227,Panda Garden,restaurant,chinese,Alliance,South Union Avenue,44601,http://alliancepandagarden.com/,40.9169593,-81.1052784,valid,
228,Chipotle,fast_food,mexican,Akron,Arlington Ridge,44312,https://locations.chipotle.com/oh/akron/790-arlington-rdg,40.9827344,-81.4939681,valid,
233,Starbucks,cafe,coffee_shop,Alliance,West State Street,44601,https://www.starbucks.com/store-locator/store/1013926/alliance-west-state-st-2495-w-state-street-alliance-oh-446015600-us,40.9023822,-81.1545239,valid,
234,Subway,fast_food,sandwich,Alliance,Parkway Boulevard,44601,https://restaurants.subway.com/united-states/oh/alliance/2100-parkway-blvd,40.9008869,-81.1180037,valid,
236,Hardee's,fast_food,burger,Akron,Gilchrist Road,44305,https://locations.hardees.com/oh/akron/2695-gilchrist-rd,41.0644687,-81.4293203,valid,
238,East of Chicago Pizza,restaurant,NaN,NaN,Canton Road,NaN,NaN,41.0445265,-81.4373585,valid,
239,Subway,fast_food,sandwich,Akron,East Waterloo Road,44312,https://restaurants.subway.com/united-states/oh/akron/2843-e-waterloo-rd,41.0320196,-81.425135,valid,
240,Papa John's,fast_food,pizza,Akron,East Waterloo Road,44312,https://locations.papajohns.com/united-states/oh/44312/akron/2845-e-waterloo-rd,41.0320162,-81.4250385,valid,
241,Johnny J's Pub & Grill,bar,NaN,Akron,East Waterloo Road,44312,NaN,41.0319183,-81.4245263,valid,
245,Grinders,restaurant,american,Alliance,West State Street,44601,https://www.grinders.net,40.9009452,-81.1324591,valid,
246,Starbucks,cafe,coffee_shop,Stow-Kent Plaza,Kent Road,44224,https://www.starbucks.com/store-locator/store/90026/stow-kent-plaza-4294-kent-road-stow-oh-442244470-us,41.1567091,-81.4086711,valid,
247,Taqueria El Paso,restaurant,mexican,Akron,South Main Street,44301,https://www.facebook.com/TaqueriaElPasoAkron/,41.0376237,-81.526437,valid,
248,Ms. Julie's Kitchen,restaurant,NaN,Akron,South Main Street,44301,NaN,41.0376842,-81.5264386,valid,
249,House of Hunan,restaurant,asian,NaN,East Waterloo Road,44319,https://houseofhunan6.com/,41.0275735,-81.5128049,valid,
251,Mama Rosa's,restaurant,pizza,Akron,Brown Street,44301,https://mamarosespizza.com/,41.0513434,-81.5097481,valid,
254,McDonald's,fast_food,burger,Akron,Manchester Road,44319-3911,https://www.mcdonalds.com/us/en-us/location/5493.html,40.9623102,-81.5654457,valid,
261,Pizza Hut,restaurant,pizza,Akron,West Market Street,44313,https://locations.pizzahut.com/oh/akron/1694-w-market-st,41.1097079,-81.5703809,valid,
263,Dunkin' Donuts,fast_food,donut;coffee_shop,Akron,West Market Street,44313,https://locations.dunkindonuts.com/en/oh/akron/1712-w-market-st/350211,41.1098426,-81.5706236,valid,
264,Panera Bread,fast_food,sandwich;bakery,Cuyahoga Falls,Howe Avenue,44221,https://locations.panerabread.com/oh/cuyahoga-falls/689-howe-avenue.html,41.1200399,-81.4746653,valid,
266,McDonald's,fast_food,burger,Tallmadge,Southeast Avenue,44278-2317,https://www.mcdonalds.com/us/en-us/location/10566.html,41.1006264,-81.4391501,valid,
267,Great Garden,restaurant,chinese,NaN,East Tallmadge Avenue,44310,http://www.greatgarden1065.com/,41.1023258,-81.4765885,valid,
268,Swensons,fast_food,burger,NaN,East Cuyahoga Falls Avenue,NaN,https://swensonsdriveins.com/,41.1145639,-81.4956894,valid,
269,Gino's Pizza,restaurant,NaN,Akron,Copley Road,44320,NaN,41.0840828,-81.5712843,valid,
270,Portage Path Broaster and Mini Mart,fast_food,chicken,Akron,South Portage Path,44302,NaN,41.0924294,-81.5434331,valid,
271,Little Caesars,fast_food,pizza,Akron,Copley Road,44320,NaN,41.0841889,-81.5674333,valid,
272,Edgar's Restaurant,restaurant,american,Akron,Nome Avenue,44320,NaN,41.0951804,-81.5716672,valid,
273,Starbucks,cafe,coffee_shop,Streetsboro Commons,Singletary Drive,44241,https://www.starbucks.com/store-locator/store/1008805/streetsboro-commons-9712-singletary-drive-streetsboro-oh-44241-us,41.2503841,-81.3626286,valid,
275,Romeo's pizza,restaurant,pizza,Tallmadge,Erie Road,44278,https://locations.romeospizza.com/tallmadge/,41.1005234,-81.437608,valid,
276,Subway,fast_food,sandwich,Tallmadge,Erie Road,44278,https://restaurants.subway.com/united-states/oh/tallmadge/35-erie-rd,41.1004509,-81.4376923,valid,
281,Subway,fast_food,sandwich,Stow,Hudson Drive,44224,https://restaurants.subway.com/united-states/oh/stow/3500-hudson-dr,41.164979,-81.4774182,valid,
282,Jimmy John's,fast_food,sandwich,Stow,Hudson Drive,44224,https://locations.jimmyjohns.com/oh/stow/sandwiches-2082.html,41.1644957,-81.477568,valid,
285,Popeyes,fast_food,chicken,Akron,North Howard Street,44310,https://www.popeyes.com/store-locator/store/restaurant_83727,41.1023465,-81.5156005,valid,
286,Valley Cafe,restaurant,NaN,NaN,Weathervane Lane,44313,NaN,41.1354838,-81.5532891,valid,
287,Evelyn's Coffee & Banh Mi,cafe,NaN,Akron,East Exchange Street,44308,http://evelynscoffee.com/,41.0764845,-81.5215486,valid,
289,Boba & Pearl,cafe,bubble_tea,Cuyahoga Falls,Portage Trail,44223,NaN,41.1476997,-81.5056851,valid,
291,Pierre's Brooklyn Pizza and Deli,restaurant,pizza,Akron,Kenmore Boulevard,44314,https://pierrespizzaanddeli.com/,41.043275,-81.5585508,valid,
292,Subway,fast_food,sandwich,Akron,Tallmadge Avenue,44310,https://restaurants.subway.com/united-states/oh/akron/904-tallmadge-ave,41.1018891,-81.4820987,valid,
293,Crimson Cup,cafe,coffee_shop,Tallmadge,Tallmadge Circle,44278,https://www.crimsoncup.com/assets/24x36-_2020_Tallmadge.pdf,41.102298,-81.4415404,valid,
294,Chipotle,fast_food,mexican,Cuyahoga Falls,Portage Trail,44223,https://locations.chipotle.com/oh/cuyahoga-falls/2042-portage-trl,41.148276,-81.5075763,valid,
295,Panini’s Bar & Grill,restaurant,NaN,NaN,Steels Pointe,44224,NaN,41.1819474,-81.4806617,valid,
296,Nervous Dog Coffee Bar and Roaster,cafe,NaN,NaN,Steels Pointe,44224,NaN,41.1826632,-81.4825448,valid,
297,Skyline Chili,restaurant,chili,NaN,Bridgewater Parkway,44224,https://skylinechili.com/,41.179904,-81.4805418,valid,
298,Rockne’s,restaurant,NaN,NaN,Hudson Drive,44224,NaN,41.1827525,-81.4727677,valid,
299,Mr. Bulky's Foods,confectionery,NaN,Cuyahoga Falls,Howe Avenue,44221,NaN,41.1167877,-81.4793622,valid,
300,Agavero Mexican Restaurant,restaurant,mexican,Cuyahoga Falls,Howe Avenue,44221,NaN,41.1169343,-81.4803031,valid,
301,Dunkin',fast_food,donut;coffee_shop,Stow,Graham Road,44224,https://locations.dunkindonuts.com/en/oh/stow/3027-graham-rd/353699,41.1669531,-81.4046738,valid,
302,Jersey Mike's Subs,fast_food,sandwich,Stow,Graham Road,44224,https://www.jerseymikes.com/2063/stow-oh,41.1668974,-81.404666,valid,
303,StowNut Donut & Diner,cafe,NaN,Stow,Graham Road,44224,http://www.stownutdonut.com/,41.1674397,-81.4040781,valid,
306,Subway,fast_food,sandwich,Stow,Graham Road,44224,https://restaurants.subway.com/united-states/oh/stow/3022-graham-rd,41.1652591,-81.4057684,valid,
307,Missing Falls Brewery,bar,NaN,NaN,South Main Street,44311,NaN,41.0705309,-81.526809,valid,
308,Dunkin',fast_food,donut;coffee_shop,Akron,Shanafelt Avenue,44312,https://locations.dunkindonuts.com/en/oh/akron/1286-shanafelt-ave/354710,41.0326804,-81.4323819,valid,
309,Subway,fast_food,sandwich,Akron,East Waterloo Road,44306,https://restaurants.subway.com/united-states/oh/akron/1011-e-waterloo-rd,41.03102,-81.4908307,valid,
319,Penn Station,fast_food,sandwich,Cuyahoga Falls,Howe Avenue,44221,NaN,41.1196048,-81.4726736,valid,
320,Moe's Southwest Grill,fast_food,mexican,Cuyahoga Falls,Howe Avenue,44221,NaN,41.1196005,-81.4725363,valid,
324,West Ave Tavern,restaurant,american,Tallmadge,West Avenue,44278,https://www.westavetavern.com/,41.1013046,-81.4448759,valid,
325,No. 1 Chinese Kitchen,restaurant,chinese,Kent,Cascades Boulevard,44240,NaN,41.0965199,-81.3883489,valid,
326,Panera Bread,fast_food,sandwich;bakery,Stow,Kent Road,44224,https://locations.panerabread.com/oh/stow/4338-kent-road.html,41.1562499,-81.4062333,valid,
328,Subway,fast_food,sandwich,Alliance,West State Street,44601,https://restaurants.subway.com/united-states/oh/alliance/2491-w-state-st,40.9025567,-81.1536017,valid,
329,Domino's,fast_food,pizza,Alliance,West State Street,44601,https://pizza.dominos.com/ohio/alliance/1939-west-state-st,40.9023495,-81.1351536,valid,
330,Gionino's Pizzeria,fast_food,pizza,Akron,North Portage Path,44313,https://www.gioninos.com/locations/oh-akron-1376-n-portage-path-44313,41.1325528,-81.5493878,valid,
331,Papa John's,fast_food,pizza,Akron,West Market Street,44313,https://locations.papajohns.com/united-states/oh/44313/akron/1885-west-market-street,41.1126763,-81.5758135,valid,
333,Lock 15 Brewing Co,pub,NaN,Akron,West North Street,NaN,NaN,41.0914737,-81.5171996,valid,
334,Breakfast at Tiffani's Cafe and Catering,restaurant,breakfast;brunch,Tallmadge,East Avenue,44278,https://www.facebook.com/people/Breakfast-at-Tiffanis-Cafe-and-Catering/100093853910872/,41.102202,-81.4356702,valid,
335,Taco Bell,fast_food,tex-mex,Tallmadge,Tallmadge Circle,44278,https://locations.tacobell.com/oh/tallmadge/62-tallmadge-circle.html,41.1019253,-81.4396732,valid,
336,Arby's,fast_food,sandwich,Tallmadge,East Avenue,44278,https://www.arbys.com/locations/us/oh/tallmadge/30-east-ave/store-5351/,41.1010859,-81.4390042,valid,
338,South Point Tavern,bar,NaN,Akron,West Market Street,NaN,NaN,41.1143918,-81.5779008,valid,
339,Niko's Sandwich Board,cafe,NaN,Akron,West Market Street,NaN,NaN,41.1145585,-81.5778946,valid,
342,Starbucks,cafe,coffee_shop,Akron,East Market Street,44305,https://www.starbucks.com/store-locator/store/1024909/akron-east-market-drive-thru-1203-e-market-st-akron-oh-44305-us,41.0653687,-81.4813624,valid,
344,Tip Top,restaurant,NaN,NaN,Darrow Road,NaN,NaN,41.158372,-81.4405109,valid,
345,The Town Tavern,bar,NaN,Uniontown,Town Park Boulevard,44685,NaN,40.9496174,-81.4669801,valid,
346,Gionino's,restaurant,pizza,Rootstown,Tallmadge Road,44272,NaN,41.0992828,-81.140689,valid,
347,Papa John's,fast_food,pizza,Uniontown,Cleveland Avenue Northwest,44685,https://locations.papajohns.com/united-states/oh/44685/uniontown/13038-cleveland-avenue-nw,40.9758965,-81.4065843,valid,
348,McDonald's,fast_food,burger,Hartville,West Maple Street,44632-9669,https://www.mcdonalds.com/us/en-us/location/8064.html,40.9673438,-81.345292,valid,
349,Hanini Subs,restaurant,sandwich;salad;gyros,akron,Brittain Ridge,44305,https://www.haninisubs.com/,41.0855013,-81.4666259,valid,
354,Starbucks,cafe,coffee_shop,Cuyahoga Falls,Graham Road,44224,https://www.starbucks.com/store-locator/store/10617/cuyahoga-falls-graham-hudso-1006-graham-road-cuyahoga-falls-oh-442242935-us,41.1631786,-81.4767859,valid,
355,D'Agnese's Trattoria and Cafe,restaurant,NaN,NaN,White Pond Drive,NaN,NaN,41.1012179,-81.5867436,valid,
357,Firehouse,restaurant,burger;american,Tallmadge,Tallmadge Circle,44278,https://www.firehousetallmadge.com/,41.1002282,-81.4403182,valid,
359,Buffalo Wild Wings,restaurant,wings,Streetsboro,OH-14,44241,NaN,41.2378289,-81.3366727,valid,
360,Rewind Virtual Cafe,cafe,NaN,Akron,Goodyear Boulevard,44305,NaN,41.0739433,-81.4637042,valid,
361,Italian Garden,restaurant,italian;pizza;chicken,Akron,Goodyear Boulevard,44305,NaN,41.0730885,-81.4630796,valid,
362,Burger King,fast_food,burger,Kent,Tallmadge Road,44240,https://www.bk.com/store-locator/store/restaurant_87515,41.1010199,-81.3848909,valid,
363,Taco Bell,fast_food,tex-mex,Kent,Maplecrest Parkway,44240,https://locations.tacobell.com/oh/kent/4098-maplecrest-parkway.html,41.1009968,-81.3871669,valid,
364,Arby's,fast_food,sandwich,Kent,Tallmadge Road,44240,https://www.arbys.com/locations/us/oh/kent/165-tallmadge-road/store-8172/,41.1010515,-81.3874941,valid,
369,Subway,fast_food,sandwich,Akron,Kenmore Boulevard,44314,https://restaurants.subway.com/united-states/oh/akron/1033-kenmore-blvd,41.043259,-81.5610733,valid,
373,Domino's,fast_food,pizza,Cuyahoga Falls,State Road,44223,https://pizza.dominos.com/ohio/cuyahoga-falls/2110-state-rd,41.1361315,-81.5090143,valid,
375,Compass Coffee,cafe,NaN,NaN,East Market Street,44304,https://thewellakron.com/,41.0775391,-81.4970372,valid,
390,Nepali Kitchen,restaurant,NaN,Akron,East Cuyahoga Falls Avenue,44310,https://nepalikitchen.weebly.com,41.1117175,-81.5037009,valid,
391,Subway,fast_food,sandwich,Mogadore,North Cleveland Avenue,44260,https://restaurants.subway.com/united-states/oh/mogadore/35-n-cleveland-ave,41.051969,-81.3926644,valid,
395,Chipotle,fast_food,mexican,Akron,George Washington Boulevard,44312,https://locations.chipotle.com/oh/akron/1289-george-washington-blvd,41.0281236,-81.4616682,valid,
396,Tim Hortons,cafe,coffee_shop,Akron,George Washington Boulevard,44306,NaN,41.0276083,-81.4628382,valid,
397,Mr Hero,fast_food,sandwich,NaN,South Arlington Street,44306,https://mrhero.com/,41.0326799,-81.4908978,valid,
398,Taco Bell,fast_food,tex-mex,Akron,South Arlington Road,44306,https://locations.tacobell.com/oh/akron/1467-s-arlington-rd.html,41.0323142,-81.4908984,valid,
399,Hardee's,fast_food,burger,Akron,South Arlington Street,46305,https://locations.hardees.com/oh/akron/1395-s-arlington-st,41.0342515,-81.4909481,valid,
365,Pulp,cafe,NaN,Akron,Sand Run Road,44313,NaN,41.1181082,-81.5880121,valid,
401,Mi Casa,restaurant,mexican,Akron,East Waterloo Road,44319,https://www.micasa-akron.com,41.0280682,-81.5147433,valid,
404,Fiesta Pizza and Chicken,restaurant,pizza;fried_chicken,Akron,Newton Street,44305,NaN,41.0725749,-81.4561941,valid,
405,"Tip""em Up Tavern",bar,NaN,Akron,Newton Street,44305,NaN,41.0725601,-81.4563387,valid,
407,Dairy Queen,fast_food,ice_cream,Akron,East Cuyahoga Falls Avenue,44310-2256,https://www.dairyqueen.com/locations/oh/akron/260-e-cuyahoga-falls-ave/14296,41.1089626,-81.5076133,valid,
410,The Hartville Pantry,restaurant,american,Hartville,N Prospect Ave,44632,https://hartvillepantry.com,40.9641759,-81.330886,valid,
411,pizzaBOGO,fast_food,pizza,Hartville,South Prospect Avenue,44632,NaN,40.9637833,-81.3321494,valid,
412,Peace Love & Little Donuts,fast_food,donut,Hartville,South Prospect Avenue,44632,NaN,40.9637663,-81.3317431,valid,
417,Fresh Planet,fast_food,NaN,Tallmadge,Tallmadge Circle,44278,https://fresh-planet.com/,41.1022956,-81.4414465,valid,
418,Jimmy John's,fast_food,sandwich,Tallmadge,North Avenue,44278,https://locations.jimmyjohns.com/oh/tallmadge/sandwiches-3043.html,41.1044155,-81.4401976,valid,
421,Aura The Himalayan Kitchen,restaurant,indian;nepalese;chinese,Tallmadge,Tallmadge Circle,44278,https://www.aurathekitchen.com/,41.1003301,-81.4402067,valid,
423,Gionino's Pizzeria,fast_food,pizza,Tallmadge,Eastwood Avenue,44278,https://www.gioninos.com/locations/oh-tallmadge-676-eastwood-ave-44278,41.0833887,-81.4170089,valid,
425,Paleteria La Fresa,restaurant,mexican;ice_cream,Akron,Darrow Road,NaN,https://lafresaakron.com/,41.0758148,-81.4414439,valid,
427,Pizza Hut,restaurant,pizza,Tallmadge,South Avenue,44278,https://locations.pizzahut.com/oh/tallmadge/535-south-ave,41.0864285,-81.4409962,valid,
428,Wendy's,fast_food,burger,Akron,East Market Street,44308,https://locations.wendys.com/united-states/oh/akron/275-e-market-st,41.0823354,-81.5085632,valid,
432,Subway,fast_food,sandwich,Akron,West Market Street,44313,https://restaurants.subway.com/united-states/oh/akron/1596-west-market-st,41.1078212,-81.5668009,valid,
433,Moe's Southwest Grill,fast_food,mexican,Akron,West Market Street,44313,NaN,41.1102954,-81.5703273,valid,
435,Popeyes,fast_food,chicken,Akron,South Arlington Street,44306,https://www.popeyes.com/store-locator/store/restaurant_82776,41.0392659,-81.4917929,valid,
436,Burger King,fast_food,burger,Akron,South Arlington Street,44306,https://www.bk.com/store-locator/store/restaurant_212,41.04033,-81.4909185,valid,
439,BurgerFi,fast_food,burger,Cuyahoga Falls,Portage Trail,44223,NaN,41.1481237,-81.5072331,valid,
450,Marco's Pizza,fast_food,pizza,Akron,Canton Road,44312,NaN,41.0196769,-81.4170097,valid,
451,Subway,fast_food,sandwich,Uniontown,Massillon Road,44685,https://restaurants.subway.com/united-states/oh/uniontown/4195-massillon-rd,40.9479242,-81.4648761,valid,
453,Dunkin',fast_food,donut;coffee_shop,Uniontown,Massillon Road,44685,https://locations.dunkindonuts.com/en/oh/uniontown/3651-massillon-rd/352608,40.9620222,-81.4643717,valid,
454,Hunan King,restaurant,chinese,Akron,Canton Road,44312,http://www.hunankingonline.com/,41.0243035,-81.4232615,valid,
457,DQ Grill & Chill,fast_food,ice_cream;burger,Uniontown,Town Park Boulevard,44685,https://www.dairyqueen.com/en-us/locations/oh/uniontown/1840-town-park-blvd-ste-r/14326/,40.9495143,-81.466127,valid,
461,East of Chicago Pizza,fast_food,pizza,Akron,South Arlington Road,44312,NaN,40.976545,-81.4928431,valid,
462,Strickland's,ice_cream,NaN,Akron,South Arlington Road,44312,NaN,40.9762388,-81.4928543,valid,
463,Subway,fast_food,sandwich,Akron,South Arlington Road,44312,https://restaurants.subway.com/united-states/oh/akron/3421-s-arlington-rd,40.9778339,-81.4926743,valid,
466,Subway,fast_food,sandwich,Akron,South Hawkins Avenue,44320,https://restaurants.subway.com/united-states/oh/akron/1607-s-hawkins-ave,41.0657376,-81.5680213,valid,
467,Domino's,fast_food,pizza,Akron,Vernon Odom Boulevard,44333,https://pizza.dominos.com/ohio/akron/1324-vernon-odom-blvd,41.064679,-81.5688448,valid,
481,Village Gardens,restaurant,NaN,NaN,State Road,44223,NaN,41.1403069,-81.5081021,valid,
491,Dilly's Drive In,restaurant,american,NaN,State Road,NaN,https://www.doubledilly.com/,41.1881167,-81.5078404,valid,
492,Grabham's Candies,confectionery,NaN,Peninsula,State Road,NaN,https://www.grabhamscandies.com/,41.1881135,-81.5068246,valid,
493,Pav's Creamery,ice_cream,NaN,Uniontown,Massillon Road,44685,https://www.pavscreamery.com/,40.9561767,-81.4640335,valid,
494,Sunrise Social,restaurant,breakfast,Uniontown,Massillon Road,44685,NaN,40.9558585,-81.4644833,valid,
495,35° Brix,restaurant,american,Uniontown,Massillon Road,44685,http://www.35brix.com/,40.9558722,-81.4649658,valid,
496,Antonio's Pizzeria,restaurant,pizza,Uniontown,Massillon Road,44685,https://www.antoniospizza.net/,40.9558661,-81.4647286,valid,
497,Kasai Japanese Restaurant,restaurant,japanese,Uniontown,Massillon Road,44685,http://eatatkasaioh.com/,40.9577749,-81.4646916,valid,
498,Hot Head Burritos,fast_food,mexican,Uniontown,Massillon Road,44685,https://hotheadburritos.com/green-oh,40.9578637,-81.4646866,valid,
499,Starbucks,cafe,coffee_shop,Uniontown,Massillon Road,44685,https://www.starbucks.com/store-locator/store/1008863/green-heritage-crossing-3875-massillon-road-green-oh-446857839-us,40.9581266,-81.4646697,valid,
500,Jimmy John's,fast_food,sandwich,Uniontown,U,44685,https://locations.jimmyjohns.com/oh/uniontown/sandwiches-2636.html,40.9579923,-81.4646777,valid,
501,Beyond Juciery and Eatery,fast_food,smoothie,Uniontown,Massillon Road,44685,https://beyondjuiceryeatery.com/,40.953959,-81.466336,valid,
502,Brubaker's Pub,pub,NaN,Uniontown,Massillon Road,44685,https://brubakerspub.com/,40.9542586,-81.4650775,valid,
503,Papa Gyro's,restaurant,greek,Uniontown,Massillon Road,44685,https://www.papagyros.com/,40.9537965,-81.4651114,valid,
504,Nectar Smoothie Cafe,fast_food,smoothie,Uniontown,Massillon Road,44685,http://nectarsmoothiecafe.com/,40.9538555,-81.4651027,valid,
505,Hungry Howie's,fast_food,pizza,Uniontown,Massillon Road,44685,https://www.hungryhowies.com/store/hungry-howies-00873,40.9539121,-81.4651038,valid,
506,Pizza Hut,restaurant,pizza,Uniontown,Town Park Boulevard,44685,https://locations.pizzahut.com/oh/uniontown/1840-town-park-blvd,40.9500215,-81.4669684,valid,
507,Jimmy John's,fast_food,sandwich,Barberton,Robinson Avenue,44203,https://locations.jimmyjohns.com/oh/barberton/sandwiches-3724.html,41.0098727,-81.5887328,valid,
508,Chipotle,fast_food,mexican,Barberton,Robinson Avenue,44203,https://locations.chipotle.com/oh/barberton/446-robinson-ave,41.0098673,-81.588606,valid,
509,A Plus Crab,restaurant,seafood,Cuyahoga Falls,Howe Avenue,44221,NaN,41.1178704,-81.4734,valid,
510,Giovanni's Pizza,restaurant,pizza,Akron,Buchholzer Boulevard,44310,NaN,41.1159528,-81.4731694,valid,
511,Royal Buffet & Grill,restaurant,chinese,Akron,Buchholzer Boulevard,44310,NaN,41.1151948,-81.4732075,valid,
512,Chick-fil-A,fast_food,chicken,Cuyahoga Falls,Howe Avenue,44221,https://www.chick-fil-a.com/locations/oh/chapel-hill,41.118747,-81.4798683,valid,
513,Wendy's,fast_food,burger,Cuyahoga Falls,Howe Avenue,44221,https://locations.wendys.com/united-states/oh/cuyahoga-falls/460-howe-avenue,41.1187382,-81.4788497,valid,
514,McDonald's,fast_food,burger,Cuyahoga Falls,Howe Avenue,44221,https://www.mcdonalds.com/us/en-us/location/11090.html,41.118616,-81.4771985,valid,
515,Denny's,restaurant,american,Akron,Home Avenue,44310,https://locations.dennys.com/OH/AKRON/9214,41.1165564,-81.4846462,valid,
516,Bob Evans,restaurant,american,Cuyahoga Falls,Howe Avenue,44221,NaN,41.119971,-81.4858047,valid,
517,Brick House Tavern + Tap,bar,NaN,Cuyahoga Falls,Howe Avenue,44221,NaN,41.119526,-81.4757117,valid,
518,7 Brew Coffee,cafe,coffee_shop,Cuyahoga Falls,Howe Avenue,44221,NaN,41.1194964,-81.4742221,valid,
519,LongHorn Steakhouse,restaurant,steak_house,Cuyahoga Falls,Howe Avenue,44221,NaN,41.119555,-81.4785033,valid,
520,O'Charley's,restaurant,american,Cuyahoga Falls,Howe Avenue,44221,NaN,41.1196746,-81.4822426,valid,
521,Steak 'n Shake,fast_food,burger,Akron,Home Avenue,44310,https://www.steaknshake.com/locations/oh-akron-home-avenue/,41.1168783,-81.4856848,valid,
522,Taco Bell,fast_food,tex-mex,Akron,Romig Road,44320,https://locations.tacobell.com/oh/akron/2419-romig-road.html,41.0484211,-81.5802398,valid,
523,The Beanhead Brothers,cafe,coffee_shop,Akron,Romig Road,44320,NaN,41.0463437,-81.5804003,valid,
526,Starbucks,cafe,coffee_shop,Kent,East Main Street,44240,https://www.starbucks.com/store-locator/store/1023516/kent-east-main-st-and-luther-1005-e-main-street-kent-oh-442402815-us,41.1541413,-81.3448428,valid,
527,Bell Tower Brewing Co.,pub,NaN,Kent,Park Avenue,44240,https://belltowerbrewing.com/,41.1546731,-81.3606596,valid,
530,Yada Yada Coffee,cafe,coffee_shop,Cuyahoga Falls,Front Street,44221,https://www.yadayadacoffee.com,41.1320798,-81.4836824,valid,
531,The Spotted Owl,bar,NaN,Akron,South Maple Street,44303,https://spottedowlbar.com/akron,41.0866929,-81.5246994,valid,
532,Vincents Bakery,bakery,NaN,Cuyahoga Falls,Bailey Road,44221,NaN,41.1342443,-81.4676805,valid,
534,Starbucks,cafe,coffee_shop,Akron,South Main Street,44325,https://www.starbucks.com/store-locator/store/10333/university-of-akron-polsky-bui-225-south-main-street-akron-oh-443250035-us,41.0787641,-81.5193359,valid,
537,Chameleon Cafe,cafe,coffee_shop;breakfast;lunch,Akron,South Main Street,44308,https://www.chameleoncafeakron.com/,41.0843604,-81.5168548,valid,
538,Nothing Bundt Cakes,pastry,NaN,Stow,Kent Road,44224,NaN,41.1572611,-81.4054604,valid,
539,Latino Bar & Grill,restaurant,mexican,NaN,South Arlington Road,44312,https://latinobarandgrill.com/,40.9773708,-81.4936631,valid,
540,Jersey Mike's Subs,fast_food,sandwich,Uniontown,Massillon Road,44685,https://www.jerseymikes.com/2095/uniontown-oh,40.9540143,-81.4663341,valid,
541,The Boathouse Cafe,cafe,NaN,Akron,East Waterloo Road,44312,https://boathousecafeakron.com/,41.0328825,-81.4529742,valid,
542,Uncle Tito's Mexican Grill,restaurant,mexican,Akron,East Waterloo Road,44312,https://uncletitosmexicangrill.com/,41.0328801,-81.4522722,valid,
543,Wing Warehouse Sports Bar,restaurant,NaN,Akron,East Waterloo Road,44312,https://www.wingwarehouse.com/,41.032879,-81.4516281,valid,
544,Iron Grill,restaurant,NaN,Akron,East Waterloo Road,44312,https://irongrillakron.com/,41.0333126,-81.4515915,valid,
545,Taco Bell,fast_food,tex-mex,Uniontown,Massillon Road,44685,https://locations.tacobell.com/oh/uniontown/3532-massillon-road.html,40.9655328,-81.465783,valid,
546,The Human Bean,cafe,coffee_shop,Uniontown,Massillon Road,44685,https://thehumanbean.com/location/the-human-bean-3532-massillon-road-uniontown-oh/,40.9659594,-81.465721,valid,
547,The Bistro of Green,restaurant,american,Uniontown,Massillon Road,44685,NaN,40.9673672,-81.4643958,valid,
548,sweetFrog,ice_cream,frozen_yogurt,Uniontown,Massillon Road,44685,https://www.sweetfrog.com/stores/frozen-yogurt-cleancity/35265,40.9672002,-81.4644092,valid,
549,Subway,fast_food,sandwich,Uniontown,Massillon Road,44685,https://restaurants.subway.com/united-states/oh/uniontown/3471-massillon-rd,40.9670949,-81.4644189,valid,
550,Gionino's Pizzeria,fast_food,pizza,Uniontown,Massillon Road,44685,http://www.gioninos.com/,40.9667608,-81.4644331,valid,
551,Starbucks,cafe,coffee_shop,Uniontown,Corporate Woods Parkway,44685,https://www.starbucks.com/store-locator/store/1006895/market-district-uniontown-1620-1700-corporate-woods-pkwy-uniontown-oh-44685-us,40.9623895,-81.4688657,valid,
552,Gionino's Pizzeria,fast_food,pizza,Akron,East Tallmadge Avenue,44310,https://www.gioninos.com/locations/oh-akron-1250-e-tallmadge-ave-44310,41.1016572,-81.4696146,valid,
554,Federales,restaurant,mexican,Kent,East Main Street,NaN,NaN,41.1534744,-81.3568918,valid,
555,Aladdin's Eatery,restaurant,mediterranean,Akron,West Market Street,44303,https://aladdins.com/,41.0960421,-81.5426679,valid,
556,Annabell's,bar,NaN,Akron,West Market Street,44303,https://m.facebook.com/annabellsakron/,41.096053,-81.5426938,valid,
557,Platinum Dragon,restaurant,chinese,Akron,West Market Street,44303,https://www.platinumdragonakron.com/,41.0965116,-81.5437,valid,
558,Southern Comfort Kitchen Ohio,restaurant,NaN,Akron,West Market Street,44303,http://www.sococreolegmail.com/,41.0964777,-81.54362,valid,
559,The Matinee,bar,NaN,Akron,West Market Street,44303,NaN,41.0964482,-81.5435505,valid,
560,Hibachi Xpress Highland Square,restaurant,japanese,Akron,West Market Street,44303,https://highlandsq.orderhibachixpressgrill.com/,41.0964375,-81.5435254,valid,
561,Barmacy,bar,NaN,Akron,West Market Street,44303,https://www.facebook.com/BarmacyBarAndGrill/,41.0963955,-81.5434262,valid,
562,HA!TEA Bubble Tea House,cafe,bubble_tea,Kent,North Mantua Street,44240,NaN,41.1608408,-81.3594266,valid,
572,Franklin Square Deli,restaurant,sandwich,NaN,South Water Street,44240,http://www.franklinsquaredeli.com/,41.1536112,-81.3583479,valid,
573,EuroGyro,restaurant,greek,Uniontown,Massillon Road,44685,https://eurogyro.com/,40.9483768,-81.4646387,valid,
574,Whitehouse Chicken,fast_food,chicken,Uniontown,Massillon Road,44685,http://www.whitehousechicken.com/,40.9481685,-81.4639344,valid,
575,RJ's Sports Pub and Grill,pub,NaN,Uniontown,Massillon Road,44685,https://rjs-sports-pub-grill.edan.io/,40.9481417,-81.4630313,valid,
590,Subway,fast_food,sandwich,Uniontown,Cleveland Avenue Northwest,44685,https://restaurants.subway.com/united-states/oh/uniontown/13030-cleveland-ave-nw,40.9757208,-81.4064162,valid,
591,Shogun Japanese Steakhouse,restaurant,japanese,Akron,South Arlington Road,44312,https://www.shogunakron.com/,40.9937995,-81.4910736,valid,
592,Pulp Juice and Smoothie Bar,fast_food,juice,Akron,South Arlington Road,44312,NaN,40.9938055,-81.4915185,valid,
593,Jimmy John's,fast_food,sandwich,Akron,South Arlington Road,44312,NaN,40.9938045,-81.4914032,valid,
594,Mr. Hero,fast_food,sandwich,Akron,South Arlington Road,44312,NaN,40.993932,-81.4917733,valid,
598,Freddy's,fast_food,ice_cream;burger,Streetsboro,State Route 303,44241,http://www.freddys.com,41.2390268,-81.3483376,valid,
600,Bean and the Baker,cafe,coffee_shop;sandwich,NaN,Main Street,NaN,https://www.beanandthebaker.com/,41.1579083,-81.2427273,valid,
601,Five Guys,fast_food,burger,Green,Arlington Ridge,44312,https://restaurants.fiveguys.com/790-arlington-ridge,40.9827273,-81.4937795,valid,
605,Bangkok Thai Restaurant,restaurant,chinese;japanese;thai,NaN,Darrow Road,44334,https://www.bangkokthaistow.com/,41.1673766,-81.4400231,valid,
606,Grazers,restaurant,NaN,NaN,North Water Street,44240,https://www.grazerskent.com/,41.1542797,-81.3579231,valid,
607,Bar Lucci,bar,NaN,NaN,North Water Street,44240,https://www.barluccikent.com/,41.155734,-81.3578739,valid,
608,Pacific East,restaurant,japanese;malaysian,NaN,East Main Street,44240,https://www.pacificeastkent.com/,41.1536265,-81.3579498,valid,
609,BLU Plate,restaurant,NaN,Akron,East Market Street,44308,NaN,41.0851513,-81.5161533,valid,
611,Totally Baked Pizza,restaurant,pizza,Akron,North High Street,44308,https://totallybakedpizza.net/,41.0853449,-81.5155517,valid,
612,Dunkin Donuts,fast_food,donut;coffee_shop,Akron,East Market Street,44312,https://locations.dunkindonuts.com/en/oh/akron/2081-e-market-st/355148,41.0604264,-81.4537492,valid,
620,Asterisk Coffee,cafe,NaN,Cuyahoga Falls,Front Street,44221,NaN,41.1353766,-81.48281,valid,
621,Pav's Creamery,ice_cream,NaN,Cuyahoga Falls,Front Street,44221,https://www.pavscreamery.com/,41.1360274,-81.4830349,valid,
622,Grandpa Joe's Candy Shop,confectionery,NaN,Cuyahoga Falls,Front Street,44221,http://www.grandpajoes.com/,41.1359754,-81.4830429,valid,
623,Ryes and Shine,restaurant,NaN,NaN,Front Street,NaN,https://www.ryesnshinefalls.com/,41.1462019,-81.4729516,valid,
624,Dunkin',fast_food,donut;coffee_shop,Cuyahoga Falls,Tallmadge Road,44221,https://locations.dunkindonuts.com/en/oh/cuyahoga-falls/310-tallmadge-rd/342449,41.1321785,-81.4786987,valid,
625,Pulp,fast_food,juice,NaN,Buchholzer Boulevard,44221,NaN,41.1192285,-81.4710688,valid,
626,Starbucks,cafe,coffee_shop,Kent,Maplecrest Parkway,44240,https://www.starbucks.com/store-locator/store/1027457/tallmadge-rd-cascades-blvd-4094-maplecrest-pkwy-kent-oh-442407236-us,41.1009713,-81.3861476,valid,
627,Jersey Mike's Subs,fast_food,sandwich,Kent,Maplecrest Parkway,44240,https://www.jerseymikes.com/menu,41.1009719,-81.3860588,valid,
628,Panda Express,fast_food,chinese,Kent,Tallmadge Road,44240,https://www.pandaexpress.com/locations/oh/kent/3223,41.1009483,-81.3855585,valid,
629,Panera Bread,fast_food,sandwich;bakery,Kent,Cascades Boulevard,44240,https://locations.panerabread.com/oh/kent/4031-cascades-blvd.html,41.0992819,-81.3873836,valid,
630,Applebee's,restaurant,american,Kent,Tallmadge Road,44240,https://restaurants.applebees.com/en-us/oh/kent/220-tallmadge-road-75028,41.0997207,-81.3852477,valid,
638,New Peking Buffet,restaurant,asian;chinese,NaN,Cleveland East Liverpool Road,44241,NaN,41.2436588,-81.356332,valid,
639,Arby's,restaurant,american,NaN,Cleveland East Liverpool Road,44241,https://www.arbys.com/,41.2444348,-81.3553107,valid,
640,Little Caesars Pizza,restaurant,pizza,NaN,Cleveland East Liverpool Road,44241,https://littlecaesars.com/,41.2390516,-81.347446,valid,
641,KFC,restaurant,chicken,NaN,Cleveland East Liverpool Road,44241,https://www.kfc.com/,41.238452,-81.3400917,valid,
642,China Chef,restaurant,asian;chinese,NaN,Cleveland East Liverpool Road,44241,https://chinachefstreetsboro.com/,41.238287,-81.3395916,valid,
643,Raising Cane's,restaurant,chicken,NaN,Cleveland East Liverpool Road,44241,https://raisingcanes.com/,41.2455783,-81.3565334,valid,
644,Panda Express,restaurant,chinese,NaN,Cleveland East Liverpool Road,44241,http://pandaexpress.com,41.2449697,-81.3558773,valid,
645,Wild Eagle Steak & Saloon,restaurant,american,NaN,Cleveland East Liverpool Road,44241,https://www.wildeagle.com/,41.2440519,-81.3546252,valid,
646,Popeyes,restaurant,chicken,NaN,Cleveland East Liverpool Road,44241,https://popeyes.com/,41.2399542,-81.3487622,valid,
647,Mr. Hero,restaurant,american,NaN,Cleveland East Liverpool Road,44241,https://mrhero.com/,41.2390643,-81.3442847,valid,
648,Blasiole's Pizza,restaurant,italian_pizza,NaN,State Route 43,44241,http://blasioleseatery.com,41.2453473,-81.3450435,valid,
649,Maki House,restaurant,japanese;sushi,Akron,Arlington Ridge,44319,https://www.ordermakihouse.com/,40.9827037,-81.4947146,valid,
650,Mikado,restaurant,japanese;sushi;chinese;asian,Akron,Brittain Road,44310,https://www.mikadohibachisushi.com/,41.1080821,-81.466705,valid,
661,Cocktails Akron,bar,NaN,NaN,West Mapledale Avenue,44301,NaN,41.0458024,-81.5287171,valid,
662,Wholly Frijoles,restaurant,mexican,Cuyahoga Falls,State Road,44223,https://eatwhollyfrijoles.com/,41.1394591,-81.508884,valid,
669,Chipotle,fast_food,mexican,Akron,E Waterloo Rd,44319,https://locations.chipotle.com/oh/akron/454-e-waterloo-rd,41.0285282,-81.5109199,valid,
670,Bob's hamburg,restaurant,american,NaN,East Avenue,44307,NaN,41.0633193,-81.554259,valid,
671,Dairy Queen,fast_food,american,NaN,OH-14,44241,NaN,41.2407129,-81.3519658,valid,
674,Penn Station East Coast Subs,restaurant,sandwich,NaN,Howe Avenue,44221,NaN,41.1196913,-81.4719792,valid,
675,Umami Noodle,restaurant,ramen,NaN,Howe Avenue,44221,NaN,41.1202081,-81.474681,valid,
676,Jubilee Donuts,bakery,NaN,NaN,South Main Street,44301,http://jubileedonuts.com,41.0290128,-81.5274446,valid,
677,Basement Sports Bar & Grill,bar,NaN,NaN,East Waterloo Road,44319,https://thebasementbars.com/,41.0290034,-81.5177481,valid,
678,B & K Root Beer Drive in,restaurant,burger,NaN,Manchester Road,44314,NaN,41.0391361,-81.5464282,valid,
679,Marco's Pizza,restaurant,pizza,NaN,Manchester Road,44314,http://marcos.com,41.031675,-81.5463521,valid,
680,Cramer's Place,bar,NaN,NaN,Manchester Road,44314,NaN,41.0382022,-81.5462121,valid,
681,Decheco's Pizzeria,restaurant,pizza,NaN,South Main Street,44301,https://dechecospizzeria.com/,41.0303019,-81.5269108,valid,
682,SRINA Tea House & Cafe,cafe,NaN,NaN,Kenmore Boulevard,44314,NaN,41.0435539,-81.5588957,valid,
683,The Green Dragon Inn,bar,NaN,NaN,East Market Street,44308,https://greendragoninn.com/,41.0842978,-81.5139359,valid,
684,The Golden Burrito,restaurant,mexican,NaN,South Main Street,44301,https://thegoldenburritooh.com/,41.0317214,-81.5268174,valid,
685,Mr. Hero,fast_food,sandwich,NaN,Manchester Road,44319,https://mrhero.com/,41.005995,-81.556365,valid,
686,La Fresca Express,restaurant,mexican,Alliance,East State Street,44601,NaN,40.9013215,-81.099226,valid,
687,Lyla's Family Restaurant,restaurant,NaN,NaN,Bailey Road,44221,https://lylasfamilyrestaurant.com/,41.1330763,-81.4652543,valid,
692,Cafe 388,cafe,NaN,NaN,South Main Street,NaN,NaN,41.0744388,-81.5238626,valid,
695,Jamaican Jerk Center,restaurant,NaN,NaN,East Tallmadge Avenue,44310,NaN,41.1023388,-81.4705723,valid,
696,Whimsical Whiskers CatFae & Rescue,cafe,NaN,NaN,South Arlington Road,44312,https://whimwhiskerscatfae.com/,40.9774417,-81.4940574,valid,
697,TOKO SUSHI HIBACHI & BBQ,restaurant,asian,NaN,Howe Avenue,44221,NaN,41.1175404,-81.4750285,valid,
1,Ken Stewart's,restaurant,NaN,Akron,West Market Street,44333,NaN,41.1133639,-81.578618,valid,
2,Larry's Main Entrance,bar,NaN,Akron,West Market Street,44333,NaN,41.1132883,-81.5784014,valid,
3,da Bayou,restaurant,NaN,Akron,Ohio & Erie Canal Towpath Trail,44313,NaN,41.1373339,-81.5485525,valid,
4,Vine Valley Mediterranean Cuisine,restaurant,NaN,Akron,Ohio & Erie Canal Towpath Trail,44313,NaN,41.1370914,-81.5484452,valid,
5,Brubaker's,pub,NaN,Akron,Weathervane Lane,44313,NaN,41.136647,-81.5525114,valid,
6,Bourbon Street,pub,NaN,Akron,Weathervane Lane,44313,NaN,41.1364369,-81.5526509,valid,
7,Johnny J's Pub & Grille,pub,NaN,Akron,Weathervane Lane,44313,NaN,41.1367448,-81.5527904,valid,
8,Big Fish,pub,NaN,Akron,Weathervane Lane,44313,NaN,41.1367763,-81.5532303,valid,
9,The Dorm,pub,NaN,Akron,Weathervane Lane,44313,NaN,41.1366632,-81.5533268,valid,
10,Saffron Patch,restaurant,indian,Akron,Weathervane Lane,44313,NaN,41.1359525,-81.5531193,valid,
11,The Noisy Oyster,pub,NaN,Akron,North Portage Path,44313,NaN,41.1320007,-81.5491104,valid,
12,The Getaway Pub,pub,NaN,Akron,North Portage Path,44313,NaN,41.1344572,-81.5485632,valid,
14,Jubilee Donuts,fast_food,NaN,Cuyahoga Falls,Bailey Road,44221,NaN,41.1457489,-81.4733791,valid,
15,El Meson,restaurant,mexican,Cuyahoga Falls,Portage Trail,44221,NaN,41.1397728,-81.4911495,valid,
16,Mandarin House,restaurant,NaN,Cuyahoga Falls,East Bath Road,44223,NaN,41.1589599,-81.5097613,valid,
19,Alladin's Eatery,restaurant,middle_eastern,Hudson,Park Lane,44326,NaN,41.2406635,-81.4426647,valid,
20,Tomato Grill,restaurant,italian,Hudson,First Street,44326,NaN,41.2420325,-81.442233,valid,
22,Comida Mexican Restaurant,restaurant,mexican,Hudson,Park Lane,44326,NaN,41.2406882,-81.4423608,valid,
31,Chiban,restaurant,japanese,Cuyahoga Falls,Broad Boulevard,44221,NaN,41.1343194,-81.5080726,valid,
32,Arthur Treacher's Fish and Chips,fast_food,fish_and_chips,Cuyahoga Falls,State Road,44223,NaN,41.1319386,-81.508141,valid,
34,Chowder House,restaurant,seafood,Cuyahoga Falls,Chestnut Boulevard,44223,NaN,41.1288405,-81.5077494,valid,
36,Barley House,pub,NaN,Akron,South Main Street,44308,NaN,41.0790239,-81.5207175,valid,
37,Wildcat Cafe,restaurant,american,Mogadore,Mogadore Road,44260,NaN,41.0513199,-81.39896,valid,
39,Wally Waffle,restaurant,breakfast,Akron,Conger Avenue,44303,NaN,41.0970972,-81.5442019,valid,
42,The Porch,restaurant,NaN,Kent,Midway Drive,44243,https://www.kent.edu/dining/student-center-lower-level,41.1476665,-81.3429495,valid,
43,Jazzman's Cyber Cafe,cafe,coffee_shop,Kent,Lester A. Lefton Esplanade,44243,https://www.kent.edu/dining/student-center-lower-level,41.1476721,-81.3431531,valid,
44,The Tandoori Oven,restaurant,indian,Kent,Midway Drive,44243,https://www.kent.edu/dining/kent-markets,41.1478389,-81.3431676,valid,
45,Fresh Inspirations,restaurant,american,Kent,Risman Drive,44243,https://www.kent.edu/dining/kent-markets,41.147842,-81.3431991,valid,
46,Olives,restaurant,italian,Kent,Midway Drive,44243,https://www.kent.edu/dining/kent-markets,41.1478641,-81.343231,valid,
47,Market Grill,restaurant,burger;american,Kent,Midway Drive,44243,https://www.kent.edu/dining/kent-markets,41.1479035,-81.3432489,valid,
48,DI Dining Facility,restaurant,NaN,Kent,Janik Drive,44243,https://www.kent.edu/dining/design-innovation-dining,41.14998,-81.3467233,valid,
49,Penn Station,fast_food,sandwich,Kent,North Willow Street,44240,NaN,41.1543431,-81.3526364,valid,
50,Bruno's Authentic Pizza,restaurant,pizza,Kent,North Willow Street,44240,NaN,41.1545653,-81.3523579,valid,
51,Summit Street Cafe,restaurant,ice_cream,Kent,Passenger Pickup And Drop Off,44243,https://www.kent.edu/dining/summit-street-cafe-1,41.141413,-81.3402224,valid,
52,snackshop,cafe,sandwich,Kent,Morris Road,44240,NaN,41.1472973,-81.3482523,valid,
53,Flipside,restaurant,burger,Hudson,Village Way,44326,NaN,41.241447,-81.4427605,valid,
54,One Red Door,restaurant,american,Hudson,Library Street,44326,NaN,41.2414453,-81.4429141,valid,
55,Swensons,restaurant,burger,Stow,Kent Road,44262,NaN,41.1549171,-81.400949,valid,
118,Wendy's,fast_food,burger,Shalersville,Ohio Turnpike,44255,NaN,41.244692,-81.1760991,valid,
59,Laziza,restaurant,israeli;mediterranean,Kent,East Erie Street,44240,http://www.yourlaziza.com/,41.1528204,-81.3565359,valid,
67,kevin o'briens,pub,NaN,Akron,Palmetto Avenue,44301,NaN,41.038955,-81.5265234,valid,
68,Stadium Pub,bar,NaN,Akron,Palmetto Avenue,44301,NaN,41.0392082,-81.5265165,valid,
70,Bruegger's Bagels,fast_food,bagel,Hudson,Milford Drive,44236,NaN,41.2396995,-81.4453315,valid,
71,Tree City Coffee,cafe,coffee_shop,Kent,East Erie Street,44240,NaN,41.1528372,-81.3571555,valid,
73,Bricco,restaurant,italian,Kent,East Erie Street,44240,NaN,41.1525332,-81.3567518,valid,
74,Barflyy,restaurant,burger,Kent,Barflyy Patio,44240,NaN,41.1525483,-81.3572834,valid,
75,Fresco,restaurant,mexican,Kent,East Erie Street,44240,NaN,41.1525315,-81.3579691,valid,
76,Buffalo Wild Wings,restaurant,wings,Kent,East Main Street,44266,NaN,41.1536252,-81.3566513,valid,
80,Georgio's,restaurant,pizza,Kent,East Erie Street,44240,NaN,41.1525594,-81.3574648,valid,
84,Panini's,pub,sandwich,Kent,Paninis Patio,44240,https://paninisgrill.com/,41.1516279,-81.3579994,valid,
85,101 Bottles of Beer on the Wall,bar,NaN,Kent,North Willow Street,44240,NaN,41.1544382,-81.3527689,valid,
90,Burrito-Del-Rey,fast_food,mexican,Kent,Midway Drive,44243,https://www.kent.edu/dining/prentice-hall,41.1512356,-81.343008,valid,
91,Buffalo Wild Wings,restaurant,wings,Akron,East Exchange Street,44306,NaN,41.0763204,-81.5220363,valid,
93,Pad Thai,restaurant,sushi;thai,Akron,East Exchange Street,44306,NaN,41.0762232,-81.5217174,valid,
94,The Bakery at Hattie's Cafe,bakery,NaN,Akron,South Main Street,44308,NaN,41.0795669,-81.5197563,valid,
95,The Lockview,restaurant,NaN,Akron,South Main Street,44308,NaN,41.0797737,-81.519605,valid,
96,Baxter's,pub,NaN,Akron,South Main Street,44308,NaN,41.079839,-81.5195569,valid,
102,D.P. Dough Akron,restaurant,NaN,Akron,East Exchange Street,44306,NaN,41.07609,-81.5214425,valid,
103,Eddies Cheesesteak,fast_food,NaN,Akron,East Bowery Street,44308,NaN,41.0812479,-81.5185982,valid,
104,Nuevo,restaurant,NaN,Akron,East Mill Street,44308,NaN,41.0821759,-81.5169822,valid,
105,Hudson's Restaurant,restaurant,american,Hudson,North Main Street,44236,NaN,41.2410705,-81.4406484,valid,
106,Kepner's Tavern,bar,NaN,Hudson,North Main Street,44236,NaN,41.2411583,-81.4406484,valid,
107,Downtown 140,restaurant,NaN,Hudson,North Main Street,44236,NaN,41.2419072,-81.4406414,valid,
108,Open Door Coffee Co.,cafe,coffee_shop,Hudson,Clinton Street,44236,NaN,41.2422057,-81.4406375,valid,
109,The Boulevard Tavern,bar,NaN,Cuyahoga Falls,Chestnut Boulevard,44223,NaN,41.1292955,-81.4893473,valid,
110,Chestnut Beer Garden,bar,NaN,Cuyahoga Falls,Chestnut Boulevard,44223,NaN,41.1292722,-81.489673,valid,
111,Mickey's In the Valley,pub,NaN,Akron,Weathervane Lane,44313,NaN,41.1369148,-81.5531724,valid,
112,Cal's Restaurant and Pizza,restaurant,NaN,Garrettsville,Windham Street,44231,NaN,41.2781072,-81.0900104,valid,
113,Jimmy John's,fast_food,sandwich,Drakesburg,Ohio Turnpike,NaN,NaN,41.2423121,-81.1778012,valid,
114,Jimmy John's,fast_food,sandwich,Mantua,Ohio Turnpike,44255,https://locations.jimmyjohns.com/oh/mantua/sandwiches-4299.html,41.2448131,-81.1759212,valid,
115,Freshëns,fast_food,juice;salad,Drakesburg,Ohio Turnpike,NaN,NaN,41.2423717,-81.177711,valid,
116,Freshëns,fast_food,juice;salad,Shalersville,Ohio Turnpike,44255,NaN,41.2447526,-81.1760101,valid,
117,Wendy's,fast_food,burger,Drakesburg,Ohio Turnpike,NaN,NaN,41.2424312,-81.1776209,valid,
125,Hartville Kitchen,restaurant,NaN,NaN,Fichtner Trail,44632,https://www.hartvillekitchen.com/,40.9721819,-81.3601205,valid,
126,Hungry Howie's,fast_food,pizza,Kent,East Main Street,44242,NaN,41.1537027,-81.3363531,valid,
127,Little Caesars,fast_food,pizza,Kent,East Main Street,44242,NaN,41.1545238,-81.3352562,valid,
128,Evergreen Buffet,restaurant,chinese,Kent,East Main Street,44242,NaN,41.1550385,-81.3339994,valid,
129,East of Chicago Pizza,fast_food,pizza,Kent,East Main Street,44242,NaN,41.1550303,-81.3339182,valid,
130,Wild Papaya,restaurant,thai,Kent,East Main Street,44242,NaN,41.1550344,-81.3337342,valid,
131,Juice And Smoothie Bar,fast_food,NaN,Kent,East Main Street,44242,NaN,41.1543005,-81.3318853,valid,
133,China City,restaurant,chinese,Kent,Cherry Street,44240,NaN,41.1398047,-81.3593519,valid,
135,Venice Cafe,bar,NaN,Kent,Franklin Avenue,44240,NaN,41.1528386,-81.3589169,valid,
136,Erie Street Kitchen,restaurant,NaN,Kent,West Erie Street,44240,NaN,41.1528396,-81.3587714,valid,
137,The Sideline,fast_food,american,Kent,Summit Road,44266,NaN,41.1392415,-81.3147062,valid,
138,The Sideline,fast_food,american,Kent,Summit Road,44266,NaN,41.138866,-81.3146988,valid,
148,Firehouse,bar,NaN,NaN,Kurtz Place,44312,NaN,41.0032471,-81.4087426,valid,
151,Cellar Door Coffee Company,cafe,coffee_shop,Garrettsville,Water Street,44231,NaN,41.2839904,-81.0966419,valid,
152,Sean's Pub,pub,NaN,Garrettsville,Main Street,44231,NaN,41.2849015,-81.0977169,valid,
154,Silver Crik Saloon,bar,NaN,Garrettsville,Main Street,44231,NaN,41.2845508,-81.0978579,valid,
155,Lucky Dragon,restaurant,chinese,Garrettsville,Main Street,44231,NaN,41.2843178,-81.0974685,valid,
156,Fresh Start Diner,restaurant,diner,Garrettsville,Main Street,44231,NaN,41.2844756,-81.0977918,valid,
158,Italian Garden,restaurant,pizza,Garrettsville,Main Street,44231,NaN,41.2847028,-81.0980689,valid,
159,Jersey Mike's Subs,fast_food,sandwich,Hudson,Milford Drive,44236,https://www.jerseymikes.com/2061/hudson-oh,41.2387285,-81.4464323,valid,
165,Arby's,fast_food,sandwich,Akron,Allyn Street,44311,https://www.arbys.com/locations/us/oh/akron/292-e-exchange-street/store-8088/,41.0726441,-81.5127414,valid,
167,Cinnabon,fast_food,dessert,North Canton,Lauby Road,44720,NaN,40.9155091,-81.4366817,valid,
170,LongHorn Steakhouse,restaurant,steak_house,Alliance,Westwood Court,44601,NaN,40.9031853,-81.1393372,valid,
171,Strickland,ice_cream,NaN,Cuyahoga Falls,Bailey Road,44221,NaN,41.1462429,-81.4740284,valid,
175,Don Poncho's,restaurant,tex-mex,Alliance,West State Street,44601,https://www.donpanchostexmexgrill.com/,40.9027404,-81.1407417,valid,
177,Rey's Bar & Grill,restaurant,american,Alliance,Westwood Street,44601,https://www.reys62.com/,40.9026589,-81.1411764,valid,
179,Buffalo Wild Wings,restaurant,wings,Alliance,West State Street,44601,NaN,40.9012084,-81.110174,valid,
181,East of Chicago Pizza,restaurant,pizza,Alliance,Fairview Place,44601,NaN,40.902173,-81.1218239,valid,
182,Bob's Pizza,restaurant,pizza;wings;american,Randolph,US 224,44265,NaN,41.0306905,-81.2487085,valid,
188,Johnny J's Pub,bar,NaN,Portage Lakes,Manchester Road,44216,NaN,41.0090935,-81.5543155,valid,
189,Dav's Creamery,ice_cream,NaN,Portage Lakes,State Road,44319,NaN,40.9971912,-81.5569864,valid,
191,Heggy's,confectionery,NaN,Alliance,Center Avenue,44601,NaN,40.9016163,-81.1248583,valid,
196,Beef 'O' Brady's,restaurant,NaN,Stow,Darrow Road,44236,NaN,41.1658249,-81.4409098,valid,
197,Golden Place,restaurant,chinese,Tallmadge,Erie Road,44278,NaN,41.1005768,-81.4375317,valid,
198,Jersey Mike's Subs,fast_food,sandwich,Alliance,West State Street,44601,https://www.jerseymikes.com/2069/alliance-oh,40.9012221,-81.1109078,valid,
199,Pavonas Pizza,restaurant,pizza,Akron,Sand Run Road,44313,NaN,41.1183593,-81.5878459,valid,
200,Caporalettis pizza,restaurant,pizza,Rootstown Township,SR 44,44272,NaN,41.10589,-81.2412798,valid,
202,Fred's Dinner,restaurant,NaN,Akron,Blanding Avenue,44310,NaN,41.0961914,-81.4884606,valid,
204,Starbucks,cafe,coffee_shop,Akron,Carroll Street,44325,https://www.starbucks.com/store-locator/store/8933/university-of-akron-student-un-303-carroll-st-akron-oh-443250016-us,41.0756305,-81.5117943,valid,
205,Union Market,restaurant,NaN,Akron,Carroll Street,44325,NaN,41.0757255,-81.5124596,valid,
208,Auntie Anne's,fast_food,pretzel,Akron,Carroll Street,44325,NaN,41.0757619,-81.5129587,valid,
210,Penn Station,fast_food,sandwich,Akron,East Exchange Street,44306,NaN,41.072871,-81.5133278,valid,
211,Panda,fast_food,NaN,Akron,East Exchange Street,44306,NaN,41.0728528,-81.5132759,valid,
212,Pulp,fast_food,NaN,Akron,East Exchange Street,44306,NaN,41.0728349,-81.5132238,valid,
213,Bubbles & Puffles,ice_cream,NaN,Akron,East Exchange Street,44306,NaN,41.0727664,-81.513039,valid,
216,The Pub,restaurant,NaN,Kent,The Pub Patio,44240,NaN,41.1504636,-81.3598898,valid,
218,Piada,restaurant,italian,Akron,North Hawkins Avenue,44313,NaN,41.1110229,-81.5695716,valid,
219,Remarkable Diner,restaurant,NaN,Barberton,Fairview Avenue,44203,NaN,41.0227746,-81.589248,valid,
220,Little Caesars,fast_food,pizza,Barberton,Robinson Avenue,44203,https://littlecaesars.com/en-us/store/11196/,41.0100961,-81.5876108,valid,
222,China Buffet,restaurant,NaN,Alliance,Ansley Street,44601,NaN,40.9010571,-81.1516082,valid,
341,Handel's Homemade Ice Cream,ice_cream,NaN,Akron,East Market Street,44312,NaN,41.065282,-81.4812452,valid,
229,Burger Hut,restaurant,burger,Alliance,North Union Avenue,44601,NaN,40.929107,-81.1055477,valid,
230,Subway,fast_food,sandwich,Rootstown Township,SR 44,44272,NaN,41.1064881,-81.2432465,valid,
231,China Dragon,restaurant,chinese,Rootstown Township,Tallmadge Road,44272,NaN,41.0997107,-81.2438146,valid,
232,Angelo's Pizzeria,restaurant,pizza,Rootstown Township,Tallmadge Road,44272,NaN,41.099398,-81.2427975,valid,
235,Old Caralina BBQ,restaurant,barbecue,Alliance,West State Street,44601,NaN,40.9015015,-81.1172941,valid,
237,Hamburger Station,fast_food,NaN,Akron,Canton Road,44685,NaN,41.044271,-81.4372077,valid,
242,Arnie's,bar,NaN,Akron,West Market Street,44333,NaN,41.1094699,-81.5699183,valid,
243,Hopping Frog Brewery,bar,NaN,Akron,East Waterloo Road,46305,NaN,41.0246552,-81.4676666,valid,
244,Mucky Duck Brewery,bar,NaN,Green,South Main Street,44319,NaN,40.9778032,-81.5215715,valid,
250,Hungry Howie's,fast_food,pizza,Akron,East Waterloo Road,44319,NaN,41.0285029,-81.5136278,valid,
252,Butcher and Sprout,pub,NaN,Cuyahoga Falls,Prospect Avenue,44221,NaN,41.1307728,-81.4840025,valid,
253,Akronym Brewing,bar,NaN,Akron,East Market Street,44309,NaN,41.0846999,-81.5160181,valid,
255,Great Lakes Brewing Co.,pub,NaN,North Canton,Lauby Road,44720,NaN,40.9147727,-81.4366938,valid,
256,Arby's,fast_food,sandwich,North Canton,Lauby Road,44720,NaN,40.9148929,-81.4366926,valid,
257,Subway,fast_food,sandwich,North Canton,Lauby Road,44720,NaN,40.9147541,-81.4364347,valid,
258,JJ's Sport Bar,pub,NaN,North Canton,Lauby Road,44720,NaN,40.9147559,-81.4363866,valid,
259,Buckhead Grill,restaurant,NaN,North Canton,Lauby Road,44720,NaN,40.9148058,-81.4364309,valid,
260,The Eye Opener,restaurant,NaN,Akron,West Market Street,44333,NaN,41.1096001,-81.5701619,valid,
262,Wingstop,restaurant,wings,Akron,West Market Street,44333,NaN,41.1097246,-81.5704076,valid,
265,Tres Potrillos,restaurant,mexican,Tallmadge,East Avenue,44278,NaN,41.1012003,-81.4379721,valid,
274,Chill,ice_cream,NaN,Akron,Maiden Lane,44309,NaN,41.0857839,-81.5157225,valid,
277,The Brick Oven Brew Pub,pub,pizza,Akron,Woodmere Avenue,44312,NaN,41.0472351,-81.4374168,valid,
278,Pizza Pan,restaurant,pizza,Akron,Woodmere Avenue,44312,NaN,41.0475066,-81.4375506,valid,
279,Los Girasoles,restaurant,mexican,Akron,Merriman Road,44313,NaN,41.1336154,-81.5505767,valid,
280,Zap Zap Sushi,restaurant,NaN,Akron,North Portage Path,44313,NaN,41.1329096,-81.5490618,valid,
283,Handel's,ice_cream,NaN,Akron,Eastwood Avenue,44278,NaN,41.084692,-81.4444259,valid,
284,Molly's Cafe,cafe,NaN,Akron,North Portage Path,44303,https://www.stanhywet.org/shop-dine,41.118767,-81.5490768,valid,
288,Munchy’s,bar,NaN,Alliance,East Summit Street,44601,NaN,40.9149239,-81.0869238,valid,
290,Jade Dragon,restaurant,chinese,Akron,East Exchange Street,44306,NaN,41.0718881,-81.4932319,valid,
304,Old Carolina,restaurant,barbecue,Stow,Kent Road,44334,NaN,41.1557087,-81.4071594,valid,
305,sweetFrog,ice_cream,frozen_yogurt,Stow,Graham Road,44224,NaN,41.1652591,-81.4055753,valid,
310,Arby's,fast_food,sandwich,Alliance,Miller Avenue,44601,https://www.arbys.com/locations/us/oh/alliance/130-w-state-st/store-8148/,40.9013373,-81.1078536,valid,
311,Bogo pizza,fast_food,pizza,Alliance,West State Street,44601,NaN,40.9012131,-81.1107928,valid,
312,Hot Head Burritos,fast_food,mexican,Alliance,West State Street,44601,NaN,40.9012156,-81.110691,valid,
313,Chinese Food,restaurant,chinese,Kent,East Main Street,44242,NaN,41.1557543,-81.3329402,valid,
314,Laundry 101,bar,NaN,Kent,East Main Street,44242,NaN,41.1556495,-81.332948,valid,
315,Robeks,fast_food,NaN,Akron,West Market Street,44333,NaN,41.109193,-81.5688153,valid,
316,The Shak,restaurant,diner,NaN,Gaskill Drive Northeast,44601,NaN,40.9403837,-81.1158541,valid,
317,New York style pizza,restaurant,NaN,Akron,East Glenwood Avenue,44310,NaN,41.096927,-81.5027769,valid,
318,sunrise kitchen,restaurant,NaN,Stow,Akron Expressway,44221,http://sunrisekitchenonline.com,41.1651655,-81.4758347,valid,
321,Chilling Station,ice_cream,NaN,Mantua,Painesville Ravenna Road,44255,https://chillingstation.net/,41.2789038,-81.2248456,valid,
322,Jake's Eats,restaurant,NaN,Mantua,Prospect Street,44255,JakesEats.com,41.2818131,-81.2236849,valid,
323,italiano's,restaurant,italian,Mantua,Franklin Street,44255,NaN,41.2831573,-81.2238292,valid,
327,Marco's Pizza,restaurant,pizza,Cuyahoga Falls,5th Street,44221,NaN,41.1370325,-81.4885311,valid,
332,The Blue Door Cafe & Bakery,cafe,NaN,Cuyahoga Falls,Broad Boulevard,44223,NaN,41.1341837,-81.5089019,valid,
337,Imperial Woc,restaurant,chinese,Akron,West Market Street,44333,NaN,41.1126254,-81.5756476,valid,
340,New Baltimore,ice_cream,NaN,NaN,Pontius Street Northeast,44601,NaN,40.9850039,-81.2492337,valid,
343,Royal Star Diner,restaurant,diner,Sebring,South 15th Street,44672,NaN,40.9193467,-81.0195326,valid,
350,Restoration 44 Coffee Company,cafe,coffee_shop,Mantua,Painesville Ravenna Road,44255,https://www.r44coffee.com/,41.2822735,-81.2244218,valid,
351,The Barrel Room,bar,NaN,NaN,Cleveland Avenue Northwest,44685,NaN,40.900855,-81.4065229,valid,
352,Subway,fast_food,sandwich,Alliance,West Oxford Street,44601,NaN,40.9177109,-81.1062099,valid,
353,Doug's classic 57,restaurant,diner,Alliance,Stark Drive,44601,NaN,40.9014561,-81.1161786,valid,
356,Danny Boys,restaurant,NaN,Tallmadge,South Avenue,44278,NaN,41.1002217,-81.4404245,valid,
358,R. Shea Brewing,bar,NaN,Akron,West Bartges Street,44307,NaN,41.0707078,-81.5277386,valid,
366,Romeo's Pizza,fast_food,pizza,Akron,West Market Street,44333,NaN,41.1181729,-81.5881569,valid,
367,750 ml Wines,bar,NaN,Akron,West Market Street,44333,NaN,41.1183184,-81.5882428,valid,
368,West Side Bakery,cafe,NaN,Akron,Overwood Road,44313,NaN,41.1186417,-81.5886759,valid,
370,A Walk in the Park Cafe,cafe,NaN,Akron,Reed Avenue,44301,NaN,41.0424226,-81.5142344,valid,
371,Park Place Pub,pub,NaN,Akron,Aster Avenue,44301,NaN,41.0420605,-81.5144463,valid,
372,Gourmet Kitchen,restaurant,chinese,Akron,Kenmore Boulevard,44314,NaN,41.0428424,-81.5597838,valid,
374,Jimmy Bigg's,restaurant,NaN,Cuyahoga Falls,State Road,44223,NaN,41.1333953,-81.5081496,valid,
376,Alexander Pierce,restaurant,NaN,Akron,East Market Street,44304,NaN,41.0747217,-81.4925828,valid,
377,The Rabbit Hole,pub,NaN,Akron,Merriman Road,44313,NaN,41.1333076,-81.5494668,valid,
378,First Watch,restaurant,american;breakfast,Cuyahoga Falls,Portage Trail,44223,NaN,41.1487113,-81.5079394,valid,
379,Ray's Pub,pub,NaN,Akron,West Market Street,44333,NaN,41.0965865,-81.5430305,valid,
380,Lil' Bit Cafe,cafe,NaN,Akron,Kenmore Boulevard,44314,NaN,41.0430344,-81.5593389,valid,
381,KC's Dugout,restaurant,NaN,Akron,East Archwood Avenue,44306,NaN,41.0476012,-81.4796744,valid,
382,Luigi's,fast_food,pizza,Barberton,5th Street Southeast,44203,NaN,41.0034904,-81.5897554,valid,
383,Main Street Saloon,restaurant,NaN,Akron,East Archwood Avenue,44306,NaN,41.0465797,-81.5272782,valid,
384,Hiachi xpress,fast_food,NaN,Akron,West Mapledale Avenue,44301,NaN,41.0458112,-81.5276219,valid,
385,IDO Bar & Grill,restaurant,NaN,Akron,East Ido Avenue,44301,NaN,41.0450382,-81.5271331,valid,
386,Klein Seafood,restaurant,NaN,Akron,Grant Street,44301,NaN,41.0535688,-81.5186308,valid,
387,North Side Saloon,restaurant,NaN,Akron,East Cuyahoga Falls Avenue,44310,NaN,41.1147273,-81.4962759,valid,
388,Farmer Boy,restaurant,NaN,Akron,East Cuyahoga Falls Avenue,44310,NaN,41.1137376,-81.4968197,valid,
389,Rasiccis Pizza & Chicken,restaurant,NaN,Akron,East Cuyahoga Falls Avenue,44310,NaN,41.1133582,-81.5005487,valid,
392,Hungry Howie's,fast_food,pizza,Mogadore,North Cleveland Avenue,44260,NaN,41.0518905,-81.3926581,valid,
393,Sam's Tavern,bar,NaN,Mogadore,South Cleveland Avenue,44260,NaN,41.0492218,-81.3933864,valid,
394,Mariachi Coco's,restaurant,NaN,Akron,Merriman Road,44313,NaN,41.1335189,-81.5503107,valid,
400,Rally's,fast_food,burger,Akron,East Waterloo Road,44301,NaN,41.0291593,-81.5099689,valid,
402,Italo's,restaurant,pizza,Akron,Brown Street,44301,NaN,41.0297021,-81.5108715,valid,
403,Harvey Walllbangers,bar,NaN,Akron,Brown Street,44301,NaN,41.0294223,-81.5102211,valid,
406,Namaste Cuisine,restaurant,NaN,Akron,East Cuyahoga Falls Avenue,44310,NaN,41.1093319,-81.5077662,valid,
408,The Hill Pub,bar,NaN,Akron,East Cuyahoga Falls Avenue,44310,NaN,41.1108688,-81.505098,valid,
409,Dontinos,restaurant,italian,Akron,East Cuyahoga Falls Avenue,44310,NaN,41.1138318,-81.4990242,valid,
413,Manny's Pub,bar,NaN,Akron,Canton Road,44685,NaN,41.0459938,-81.437269,valid,
414,Mr. Hero,fast_food,NaN,Akron,Wedgewood Drive,44312,NaN,41.0494199,-81.4384384,valid,
415,New Ming Home,restaurant,chinese,Akron,Wedgewood Drive,44312,http://www.newminghomeellet.com,41.0493517,-81.4384317,valid,
416,Molly Brown's Kitchen,restaurant,NaN,Akron,Wedgewood Drive,44312,NaN,41.0492713,-81.4384519,valid,
419,Pandora's Cupcakes,bakery,NaN,Tallmadge,North Avenue,44278,NaN,41.1048907,-81.4403046,valid,
420,Wally Waffle,restaurant,breakfast,Tallmadge,North Avenue,44278,NaN,41.1048933,-81.4404119,valid,
422,China Star,restaurant,chinese,Akron,Copley Road,44321,NaN,41.0841554,-81.5690714,valid,
424,LampPost,restaurant,NaN,Akron,East Market Street,44305,NaN,41.0589667,-81.4519172,valid,
426,ALa Loma,restaurant,mexican,Akron,Darrow Road,44305,NaN,41.0761596,-81.4414465,valid,
429,Lee Angelo's,restaurant,NaN,Akron,West Exchange Street,44322,NaN,41.0961076,-81.5510958,valid,
430,Rocco's Pizza,restaurant,NaN,Cuyahoga Falls,Portage Trail,44221,NaN,41.142546,-81.4963239,valid,
431,East of Chicago Pizza,fast_food,pizza,Akron,West Market Street,44333,NaN,41.1090598,-81.5685652,valid,
434,Debouaire's ultra lounge,bar,NaN,Akron,Palmetto Avenue,44306,NaN,41.0388097,-81.4908502,valid,
437,Dairy Queen,restaurant,NaN,Akron,East Wilbeth Road,44306,NaN,41.0400774,-81.5017949,valid,
438,Bar-B-Q Boss,restaurant,NaN,Akron,Grace Avenue,44320,NaN,41.0845663,-81.5517209,valid,
440,Stevos Tavern,bar,NaN,Akron,The Brooklands Street,44305,NaN,41.0722849,-81.4568062,valid,
441,WingStreet,fast_food,wings,Tallmadge,South Avenue,44278,NaN,41.0864056,-81.4409975,valid,
442,Artisan Coffee,cafe,coffee_shop,Akron,West Market Street,44313,NaN,41.1107478,-81.5713198,valid,
443,Valley Wings,restaurant,NaN,Akron,Campbell Street,44307,NaN,41.0693109,-81.5411986,valid,
444,Sports Drink,bar,NaN,Akron,Copley Road,44321,NaN,41.0840194,-81.5738967,valid,
445,Taqueria Treas Amigos,restaurant,mexican,Akron,Copley Road,44321,NaN,41.0840154,-81.5741408,valid,
446,Fire & Ice,restaurant,NaN,Akron,Hillman Road,44312,NaN,41.0436255,-81.4575485,valid,
447,Dilly's,restaurant,NaN,Akron,Triplett Boulevard,44316,https://www.doubledilly.com/,41.043607,-81.4581879,valid,
448,Oldies & Goodies Family Diner,restaurant,NaN,Akron,Massillon Road,44312,NaN,41.0439436,-81.4625186,valid,
449,Jack's Happy Landing,restaurant,NaN,Akron,Massillon Road,44312,NaN,41.044112,-81.4625207,valid,
452,Menches Brothers,fast_food,burger,Green,Corporate Woods Circle,44685,NaN,40.9605964,-81.4670176,valid,
455,Lucky Star,restaurant,chinese,Green,Corporate Woods Circle,44685,NaN,40.9603995,-81.4666026,valid,
456,"Peace, Love, & Little Donuts",fast_food,donut,Green,Corporate Woods Circle,44685,NaN,40.9603744,-81.4664559,valid,
458,EuroGyro,fast_food,NaN,Portage Lakes,Lakota Avenue,44319,NaN,41.0027482,-81.5241706,valid,
459,Tonix,bar,NaN,Portage Lakes,Falcon Avenue,44319,NaN,41.0031095,-81.5241202,valid,
460,Northside Tavern,bar,NaN,Akron,Howard Street,44310,NaN,41.1114634,-81.5148941,valid,
464,mr Hero,fast_food,NaN,Akron,South Hawkins Avenue,44314,NaN,41.066496,-81.5691639,valid,
465,New Ming,restaurant,chinese,Akron,Al-Kaf Way,44320,NaN,41.0658549,-81.5701711,valid,
468,A-Town,restaurant,NaN,Alliance,West State Street,44601,NaN,40.9022651,-81.1371043,valid,
469,ShawarmaBrothers,fast_food,NaN,Cuyahoga Falls,21st Street,44223,NaN,41.1470159,-81.5045817,valid,
470,Wing Stop,fast_food,NaN,Cuyahoga Falls,Portage Trail,44223,NaN,41.1477551,-81.5057974,valid,
471,Smoothie King,fast_food,juice,Cuyahoga Falls,Portage Trail,44223,NaN,41.1477693,-81.5058263,valid,
472,tropical Smoothis Cafe,fast_food,juice,Cuyahoga Falls,Portage Trail,44223,NaN,41.1482727,-81.5073082,valid,
473,Poke,fast_food,NaN,Cuyahoga Falls,Portage Trail,44223,NaN,41.1482767,-81.5074155,valid,
474,Aladdin's Eatery,restaurant,lebanese,Cuyahoga Falls,Portage Trail,44223,NaN,41.1485782,-81.507278,valid,
475,Poallotta's Pastries,bakery,NaN,Cuyahoga Falls,Byrd Avenue,44223,NaN,41.1449567,-81.5077863,valid,
476,East of Chicago Pizza,fast_food,NaN,Cuyahoga Falls,State Road,44223,NaN,41.1447739,-81.5082107,valid,
477,SeoulGarden,restaurant,korean,Cuyahoga Falls,Maitland Avenue,44223,NaN,41.1433535,-81.5082081,valid,
478,Molly Brown's,cafe,NaN,Cuyahoga Falls,State Road,44223,NaN,41.1414494,-81.5082059,valid,
479,Domenic's Pub,bar,NaN,Cuyahoga Falls,State Road,44223,NaN,41.1410134,-81.5082343,valid,
480,Lacci's Place,fast_food,NaN,Cuyahoga Falls,State Road,44223,NaN,41.1407503,-81.508204,valid,
482,Asian Market,restaurant,korean,Cuyahoga Falls,State Road,44223,NaN,41.1398999,-81.5082121,valid,
483,Chen Garden,fast_food,chinese,Cuyahoga Falls,Ohio Avenue,44223,NaN,41.1355335,-81.5081558,valid,
484,Everest,restaurant,indian,Cuyahoga Falls,State Road,44223,NaN,41.1351558,-81.5081712,valid,
485,Little Caesars,fast_food,pizza,Cuyahoga Falls,State Road,44223,https://littlecaesars.com/en-us/store/8461/,41.1298335,-81.5087277,valid,
486,R's Pub,bar,NaN,Cuyahoga Falls,Grant Avenue,44223,NaN,41.1263949,-81.5076904,valid,
487,Vine Valley,restaurant,NaN,Akron,North Portage Path,44313,NaN,41.1342569,-81.5486371,valid,
488,Quarter Up,bar,NaN,Akron,North Portage Path,44313,NaN,41.134363,-81.5486041,valid,
489,Noisy Oyster,restaurant,NaN,Akron,North Portage Path,44313,NaN,41.1318991,-81.5489893,valid,
490,Sushi Asia Gourmet,restaurant,NaN,Akron,North Portage Path,44313,NaN,41.1321992,-81.5486789,valid,
524,Roma Pizzeria,restaurant,NaN,Mogadore,Mogadore Road,44260,NaN,41.0513279,-81.3987706,valid,
525,The Park,bar,NaN,Akron,Forest Park Boulevard,44312,NaN,41.053256,-81.4216304,valid,
528,Aida's Bakery,bakery,NaN,NaN,Andrews Street Northwest,44632,NaN,40.9750857,-81.3610707,valid,
529,Brimfield Bread Oven,bakery,NaN,Brimfield,State Route 43,44240,NaN,41.097209,-81.3457545,valid,
533,Crave,restaurant,NaN,Akron,West Bowery Street,44308,NaN,41.0811159,-81.5192506,valid,
535,Sweet Mary's,bakery,NaN,Akron,Wheeler Lane,44308,NaN,41.0820108,-81.516278,valid,
536,Hamad's on Main,food_court,NaN,Akron,South Main Street,44308,NaN,41.0816058,-81.5181979,valid,
553,Your Pizza Restaurant,restaurant,pizza,Alliance,East Summit Street,44601,NaN,40.9150919,-81.1054931,valid,
563,Diana Coffee,cafe,coffee_shop,Akron,South Broadway Street,44311,NaN,41.0677739,-81.5242986,valid,
564,Dominick's,bar,NaN,Kent,Franklin Avenue,44240,NaN,41.1530014,-81.3588297,valid,
565,Guy's Pizza,restaurant,pizza,Kent,South Water Street,44240,NaN,41.1529997,-81.3583524,valid,
566,Water Street Tavern and Cajun Dave's,bar,NaN,Kent,South Water Street,44240,NaN,41.1531481,-81.3583551,valid,
567,Ray's Place,restaurant,american;burger;fries,Kent,Franklin Avenue,44240,NaN,41.153135,-81.3587742,valid,
568,Firefly Hookah Lounge,bar,NaN,Kent,The Zephyr Patio,44240,NaN,41.1532927,-81.3583697,valid,
569,Taco Tonto's,restaurant,mexican,Kent,The Zephyr Patio,44240,NaN,41.153327,-81.3587064,valid,
570,The Loft,bar,NaN,Kent,Franklin Avenue,44240,NaN,41.1536169,-81.3585613,valid,
571,The Zephyr,bar,NaN,Kent,West Main Street,44240,NaN,41.1536226,-81.3584579,valid,
576,EuroGyro,pub,NaN,Kent,EuroGyro Deck,44240,NaN,41.1534319,-81.3562341,valid,
577,157 Lounge,bar,NaN,Kent,Lounge 157 Patio,44240,NaN,41.1528851,-81.3580017,valid,
578,Hanini's Subs,fast_food,NaN,Akron,Brown Street,44301,NaN,41.0711015,-81.5099731,valid,
579,Manny's Pub,bar,NaN,Akron,Brown Street,44301,NaN,41.0710189,-81.5099697,valid,
580,Taste of Bangkok,restaurant,NaN,Akron,East Exchange Street,44306,NaN,41.0708297,-81.5051517,valid,
581,Muggswigz Coffee & Tea,cafe,coffee_shop,Akron,South Main Street,44311,NaN,41.0757322,-81.5224524,valid,
582,Insomnia Cookies,pastry,NaN,Akron,South Main Street,44311,NaN,41.0759053,-81.5223331,valid,
583,69 Taps,pub,NaN,Akron,Paul Williams Street,44311,NaN,41.0760433,-81.5231898,valid,
584,Perfect Pour Akron,bar,NaN,Akron,South Main Street,44311,NaN,41.0758268,-81.52285,valid,
585,DaVinci's Pizza,fast_food,pizza,Akron,South Main Street,44311,NaN,41.0758862,-81.522809,valid,
586,Tear-Ez,bar,NaN,Akron,South Main Street,44311,NaN,41.0762011,-81.5225835,valid,
587,Clouds Hookah Lounge,cafe,NaN,Akron,South Main Street,44308,NaN,41.0763056,-81.5225164,valid,
588,Cilantro Thai & Sushi,restaurant,NaN,Akron,South Main Street,44308,NaN,41.0770662,-81.5220234,valid,
589,Boiling House Seafood & Sushi,restaurant,NaN,Akron,West Exchange Street,44302,NaN,41.0768735,-81.5225196,valid,
595,Komodo Kingdom Cafe,fast_food,NaN,Akron,Edgewood Avenue,44307,NaN,41.0800373,-81.5407694,valid,
596,The Daily Pressed,cafe,coffee_shop,Akron,Spring Street,44308,NaN,41.0769355,-81.5216212,valid,
597,Twisted Tomato Pizzeria & Beer Wall,restaurant,NaN,Akron,South Main Street,44308,NaN,41.0768027,-81.5217173,valid,
599,Papa Roni's,fast_food,pizza,Barberton,New Street,44203,NaN,41.0293856,-81.589201,valid,
602,Altieri's Pizza,fast_food,pizza,Stow,Kent Road,44334,NaN,41.1590852,-81.442975,valid,
603,The Watson Speakeasy,bar,NaN,Cuyahoga Falls,Front Street,44221,NaN,41.130981,-81.4839603,valid,
604,Square Scullery,restaurant,NaN,Akron,Casterton Avenue,44303,NaN,41.0963541,-81.5423857,valid,
610,Clean Eatz,restaurant,NaN,Cuyahoga Falls,Front Street,44221,https://locations.cleaneatz.com/oh/cuyahogafalls/meal-prep-28.html,41.1294313,-81.484277,valid,
613,Bann Thai,restaurant,thai,NaN,Harrisburg Westville Road,44601,https://www.bann-thai.com/,40.9016947,-81.038801,valid,
614,Mickey's Irish Pub,pub,NaN,Cuyahoga Falls,Front Street,44221,NaN,41.1313033,-81.4838899,valid,
615,Pavona's Pizza Joint,restaurant,pizza,Cuyahoga Falls,Front Street,44221,NaN,41.1313987,-81.4838569,valid,
616,Flury's,cafe,NaN,Cuyahoga Falls,Portage Trail,44221,NaN,41.1364313,-81.4829753,valid,
617,Leo's Italian Social,restaurant,italian,Cuyahoga Falls,Leo's Italian Social Patio,44221,NaN,41.13759,-81.4823886,valid,
618,On Tap,bar,NaN,Cuyahoga Falls,State Road,44223,NaN,41.1597122,-81.509039,valid,
619,Vinifera,bar,NaN,Cuyahoga Falls,French Mill Run,44223,NaN,41.1600906,-81.5099694,valid,
631,Square Scullery,restaurant,NaN,Akron,North Main Street,44310,NaN,41.1064299,-81.5109932,valid,
632,Piada Italian Street Food,restaurant,italian,Cuyahoga Falls,State Road,44223,NaN,41.1512739,-81.5078549,valid,
633,Los Girasoles Mexican Grill & Bar,restaurant,NaN,Stow,Steels Pointe,44223,NaN,41.1826381,-81.482702,valid,
634,Amigos Authentic Mexican Taqueria,restaurant,NaN,Stow,Bridgewater Parkway,44223,NaN,41.1805083,-81.4819969,valid,
635,Hunan of Stow,fast_food,NaN,Stow,Bridgewater Parkway,44223,NaN,41.1803426,-81.4816715,valid,
636,Buffalo Wild Wings,restaurant,NaN,Cuyahoga Falls,People Care Park Drive,44223,NaN,41.1539948,-81.5084937,valid,
637,Scooter's Coffee,cafe,coffee_shop,Akron,East Market Street,44316,NaN,41.0718947,-81.4903751,valid,
651,Chipotle,fast_food,mexican,Cuyahoga Falls,Graham Road,44224,NaN,41.1633499,-81.4776038,valid,
652,Domino's,fast_food,pizza,Stow,Darrow Road,44224,NaN,41.1997076,-81.4397258,valid,
653,Belleria,restaurant,italian,Kent,Burbick Way,44240,NaN,41.152992,-81.3571839,valid,
654,Otani Restaurant and Pub,restaurant,NaN,Hudson,West Streetsboro Street,44236,NaN,41.239007,-81.4495106,valid,
655,Papa John's,fast_food,pizza,Hudson,West Streetsboro Street,44236,NaN,41.2382879,-81.4493172,valid,
656,Blu Basil,restaurant,NaN,Hudson,West Streetsboro Street,44236,NaN,41.2386694,-81.4496156,valid,
657,Subway,fast_food,sandwich,Hudson,West Streetsboro Street,44236,NaN,41.2385272,-81.4495946,valid,
658,Johnny's Diner,restaurant,NaN,Hudson,West Streetsboro Street,44236,NaN,41.238792,-81.4495615,valid,
659,Hideaway,bar,NaN,Windham,North Main Street,44231,NaN,41.2414219,-81.0486195,valid,
660,Cafe Express,cafe,coffee_shop,Green,Lauby Road,44720,NaN,40.9151578,-81.4368752,valid,
663,Poke & Roll,restaurant,sushi,Cuyahoga Falls,Hudson Drive,44221,http://eatpokenroll.com,41.1628164,-81.4776286,valid,
664,Biggby Coffee,cafe,coffee_shop,Cuyahoga Falls,Hudson Drive,44224,NaN,41.162784,-81.477628,valid,
665,Vacancy Lounge,bar,NaN,Cuyahoga Falls,Portage Trail,44221,NaN,41.1367831,-81.4826215,valid,
666,Cashmere Cricket,bar,NaN,Cuyahoga Falls,Riverfront Parkway,44221,NaN,41.1370107,-81.4825896,valid,
667,Mr. Hero,fast_food,sandwich;burger,Cuyahoga Falls,Hudson Drive,44224,NaN,41.1630419,-81.4776476,valid,
668,Spicy Sombreros,restaurant,NaN,Stow,Darrow Road,44236,NaN,41.2006775,-81.4410149,valid,
672,Mark & Philly's Pizzeria,restaurant,NaN,Cuyahoga Falls,Madison Avenue,44221,NaN,41.1563309,-81.4839254,valid,
673,Silver Bullet Saloon,bar,NaN,Alliance,Williamsport Way,44601,NaN,40.9328797,-81.1001422,valid,
688,Cantina Jalisco,restaurant,mexican,Alliance,West Chestnut Street,44601,NaN,40.9011653,-81.1117025,valid,
689,Balkan Bakery,bakery,NaN,Mogadore,North Cleveland Avenue,44260,NaN,41.0520533,-81.3926628,valid,
690,United States Pierogi Service,restaurant,NaN,Akron,South Main Street,44308,NaN,41.0796915,-81.5196683,valid,
691,Chill & Indulge Ice Cream And Chocolate Emporium,ice_cream,NaN,Akron,South Main Street,44308,NaN,41.0796647,-81.5196828,valid,
693,Evelyn’s Coffee And Banh Mi,cafe,coffee_shop,Akron,West State Street,44302,NaN,41.0795131,-81.5211045,valid,
694,Stray Dog Cafe,cafe,NaN,Akron,South High Street,44326,NaN,41.0834401,-81.5171984,valid,
